bin_start,bin_end,count
0.0,0.05,5153
0.05,0.1,10717
0.1,0.15000000000000002,46297
0.15000000000000002,0.2,134185
0.2,0.25,278522
0.25,0.30000000000000004,309026
0.30000000000000004,0.35000000000000003,142047
0.35000000000000003,0.4,39988
0.4,0.45,14249
0.45,0.5,3056
0.5,0.55,3466
0.55,0.6000000000000001,922
0.6000000000000001,0.65,167
0.65,0.7000000000000001,384
0.7000000000000001,0.75,39
0.75,0.8,121
0.8,0.8500000000000001,54
0.8500000000000001,0.9,2
0.9,0.9500000000000001,0
0.9500000000000001,1.0,455
