"Step","1e-3NoWeightdecay(test1) - MAE/Cospeciations","1e-3NoWeightdecay(test1) - MAE/Cospeciations__MIN","1e-3NoWeightdecay(test1) - MAE/Cospeciations__MAX","1e-3noWarmUP - MAE/Cospeciations","1e-3noWarmUP - MAE/Cospeciations__MIN","1e-3noWarmUP - MAE/Cospeciations__MAX","5e-4NoWeightdecay - MAE/Cospeciations","5e-4NoWeightdecay - MAE/Cospeciations__MIN","5e-4NoWeightdecay - MAE/Cospeciations__MAX","1e-3withScheduler - MAE/Cospeciations","1e-3withScheduler - MAE/Cospeciations__MIN","1e-3withScheduler - MAE/Cospeciations__MAX","5e-4withScheduler - MAE/Cospeciations","5e-4withScheduler - MAE/Cospeciations__MIN","5e-4withScheduler - MAE/Cospeciations__MAX","1e-3MSELoss - MAE/Cospeciations","1e-3MSELoss - MAE/Cospeciations__MIN","1e-3MSELoss - MAE/Cospeciations__MAX","1e-4NoWeightdecay - MAE/Cospeciations","1e-4NoWeightdecay - MAE/Cospeciations__MIN","1e-4NoWeightdecay - MAE/Cospeciations__MAX","5e-3withScheduler - MAE/Cospeciations","5e-3withScheduler - MAE/Cospeciations__MIN","5e-3withScheduler - MAE/Cospeciations__MAX"
"1","0.16911548376083374","0.16911548376083374","0.16911548376083374","0.054219018667936325","0.054219018667936325","0.054219018667936325","0.21229416131973267","0.21229416131973267","0.21229416131973267","0.26669448614120483","0.26669448614120483","0.26669448614120483","0.31626391410827637","0.31626391410827637","0.31626391410827637","0.1509796679019928","0.1509796679019928","0.1509796679019928","0.20415037870407104","0.20415037870407104","0.20415037870407104","0.2684852182865143","0.2684852182865143","0.2684852182865143"
"11","0.03438521549105644","0.03438521549105644","0.03438521549105644","0.024420667439699173","0.024420667439699173","0.024420667439699173","0.07218629121780396","0.07218629121780396","0.07218629121780396","0.06816521286964417","0.06816521286964417","0.06816521286964417","0.047597486525774","0.047597486525774","0.047597486525774","0.05428996682167053","0.05428996682167053","0.05428996682167053","0.13849589228630066","0.13849589228630066","0.13849589228630066","0.02135733887553215","0.02135733887553215","0.02135733887553215"
"22","0.10437162220478058","0.10437162220478058","0.10437162220478058","0.08414696156978607","0.08414696156978607","0.08414696156978607","0.06581850349903107","0.06581850349903107","0.06581850349903107","0.03806391358375549","0.03806391358375549","0.03806391358375549","0.07497239112854004","0.07497239112854004","0.07497239112854004","0.04740513488650322","0.04740513488650322","0.04740513488650322","0.07112933695316315","0.07112933695316315","0.07112933695316315","0.06857939809560776","0.06857939809560776","0.06857939809560776"
"33","0.046172019094228745","0.046172019094228745","0.046172019094228745","0.07701147347688675","0.07701147347688675","0.07701147347688675","0.08882131427526474","0.08882131427526474","0.08882131427526474","0.013894591480493546","0.013894591480493546","0.013894591480493546","0.05135561153292656","0.05135561153292656","0.05135561153292656","0.04346669465303421","0.04346669465303421","0.04346669465303421","0.046080250293016434","0.046080250293016434","0.046080250293016434","0.04680360481142998","0.04680360481142998","0.04680360481142998"
"44","0.029999911785125732","0.029999911785125732","0.029999911785125732","0.052862633019685745","0.052862633019685745","0.052862633019685745","0.026596304029226303","0.026596304029226303","0.026596304029226303","0.07576724886894226","0.07576724886894226","0.07576724886894226","0.03566031530499458","0.03566031530499458","0.03566031530499458","0.05974780395627022","0.05974780395627022","0.05974780395627022","0.06600870192050934","0.06600870192050934","0.06600870192050934","0.06029117852449417","0.06029117852449417","0.06029117852449417"
"55","0.041979994624853134","0.041979994624853134","0.041979994624853134","0.04073985293507576","0.04073985293507576","0.04073985293507576","0.045321907848119736","0.045321907848119736","0.045321907848119736","0.061139702796936035","0.061139702796936035","0.061139702796936035","0.052173495292663574","0.052173495292663574","0.052173495292663574","0.03643569350242615","0.03643569350242615","0.03643569350242615","0.03493957221508026","0.03493957221508026","0.03493957221508026","0.07843100279569626","0.07843100279569626","0.07843100279569626"
"66","0.05004652962088585","0.05004652962088585","0.05004652962088585","0.05912177637219429","0.05912177637219429","0.05912177637219429","0.0681660994887352","0.0681660994887352","0.0681660994887352","0.04742121696472168","0.04742121696472168","0.04742121696472168","0.045571357011795044","0.045571357011795044","0.045571357011795044","0.03558900207281113","0.03558900207281113","0.03558900207281113","0.0404619462788105","0.0404619462788105","0.0404619462788105","0.06569664925336838","0.06569664925336838","0.06569664925336838"
"77","0.039714835584163666","0.039714835584163666","0.039714835584163666","0.0708552673459053","0.0708552673459053","0.0708552673459053","0.06624551117420197","0.06624551117420197","0.06624551117420197","0.06136798486113548","0.06136798486113548","0.06136798486113548","0.03125667944550514","0.03125667944550514","0.03125667944550514","0.07901715487241745","0.07901715487241745","0.07901715487241745","0.1130933165550232","0.1130933165550232","0.1130933165550232","0.05712055414915085","0.05712055414915085","0.05712055414915085"
"88","0.10534335672855377","0.10534335672855377","0.10534335672855377","0.05981217697262764","0.05981217697262764","0.05981217697262764","0.07795880734920502","0.07795880734920502","0.07795880734920502","0.023349706083536148","0.023349706083536148","0.023349706083536148","0.03622224181890488","0.03622224181890488","0.03622224181890488","0.06347068399190903","0.06347068399190903","0.06347068399190903","0.0527011938393116","0.0527011938393116","0.0527011938393116","0.0494692362844944","0.0494692362844944","0.0494692362844944"
"99","0.03344596177339554","0.03344596177339554","0.03344596177339554","0.06170399859547615","0.06170399859547615","0.06170399859547615","0.05362963303923607","0.05362963303923607","0.05362963303923607","0.06683212518692017","0.06683212518692017","0.06683212518692017","0.04880761355161667","0.04880761355161667","0.04880761355161667","0.04799208417534828","0.04799208417534828","0.04799208417534828","0.05748280882835388","0.05748280882835388","0.05748280882835388","0.05725168436765671","0.05725168436765671","0.05725168436765671"
"110","0.057680197060108185","0.057680197060108185","0.057680197060108185","0.03526730090379715","0.03526730090379715","0.03526730090379715","0.031185723841190338","0.031185723841190338","0.031185723841190338","0.08148553222417831","0.08148553222417831","0.08148553222417831","0.0401272289454937","0.0401272289454937","0.0401272289454937","0.04128037020564079","0.04128037020564079","0.04128037020564079","0.08353797346353531","0.08353797346353531","0.08353797346353531","0.049970075488090515","0.049970075488090515","0.049970075488090515"
"121","0.054728925228118896","0.054728925228118896","0.054728925228118896","0.06341077387332916","0.06341077387332916","0.06341077387332916","0.07978886365890503","0.07978886365890503","0.07978886365890503","0.08129988610744476","0.08129988610744476","0.08129988610744476","0.05920286476612091","0.05920286476612091","0.05920286476612091","0.029370173811912537","0.029370173811912537","0.029370173811912537","0.043919727206230164","0.043919727206230164","0.043919727206230164","0.02149568870663643","0.02149568870663643","0.02149568870663643"
"132","0.03805666044354439","0.03805666044354439","0.03805666044354439","0.05936933681368828","0.05936933681368828","0.05936933681368828","0.014408960938453674","0.014408960938453674","0.014408960938453674","0.05567941069602966","0.05567941069602966","0.05567941069602966","0.04256875813007355","0.04256875813007355","0.04256875813007355","0.057722385972738266","0.057722385972738266","0.057722385972738266","0.04545804113149643","0.04545804113149643","0.04545804113149643","0.059310656040906906","0.059310656040906906","0.059310656040906906"
"143","0.0728171244263649","0.0728171244263649","0.0728171244263649","0.05902828648686409","0.05902828648686409","0.05902828648686409","0.048106227070093155","0.048106227070093155","0.048106227070093155","0.05055546388030052","0.05055546388030052","0.05055546388030052","0.016857512295246124","0.016857512295246124","0.016857512295246124","0.03283005952835083","0.03283005952835083","0.03283005952835083","0.0412370041012764","0.0412370041012764","0.0412370041012764","0.05305607616901398","0.05305607616901398","0.05305607616901398"
"154","0.06934203207492828","0.06934203207492828","0.06934203207492828","0.02647342160344124","0.02647342160344124","0.02647342160344124","0.053080782294273376","0.053080782294273376","0.053080782294273376","0.05088433995842934","0.05088433995842934","0.05088433995842934","0.06465359032154083","0.06465359032154083","0.06465359032154083","0.047314561903476715","0.047314561903476715","0.047314561903476715","0.021229371428489685","0.021229371428489685","0.021229371428489685","0.02612108364701271","0.02612108364701271","0.02612108364701271"
"165","0.07504626363515854","0.07504626363515854","0.07504626363515854","0.03460386022925377","0.03460386022925377","0.03460386022925377","0.041783563792705536","0.041783563792705536","0.041783563792705536","0.016385678201913834","0.016385678201913834","0.016385678201913834","0.05054974928498268","0.05054974928498268","0.05054974928498268","0.015383165329694748","0.015383165329694748","0.015383165329694748","0.030920706689357758","0.030920706689357758","0.030920706689357758","0.04564240947365761","0.04564240947365761","0.04564240947365761"
"176","0.04401126876473427","0.04401126876473427","0.04401126876473427","0.033208444714546204","0.033208444714546204","0.033208444714546204","0.028646208345890045","0.028646208345890045","0.028646208345890045","0.052435778081417084","0.052435778081417084","0.052435778081417084","0.02973824180662632","0.02973824180662632","0.02973824180662632","0.06559083610773087","0.06559083610773087","0.06559083610773087","0.04998938366770744","0.04998938366770744","0.04998938366770744","0.08336331695318222","0.08336331695318222","0.08336331695318222"
"187","0.031974148005247116","0.031974148005247116","0.031974148005247116","0.037685442715883255","0.037685442715883255","0.037685442715883255","0.026088599115610123","0.026088599115610123","0.026088599115610123","0.01603352651000023","0.01603352651000023","0.01603352651000023","0.039958760142326355","0.039958760142326355","0.039958760142326355","0.03309166431427002","0.03309166431427002","0.03309166431427002","0.06570175290107727","0.06570175290107727","0.06570175290107727","0.05914381146430969","0.05914381146430969","0.05914381146430969"
"198","0.02675112709403038","0.02675112709403038","0.02675112709403038","0.055602315813302994","0.055602315813302994","0.055602315813302994","0.06021694093942642","0.06021694093942642","0.06021694093942642","0.035843390971422195","0.035843390971422195","0.035843390971422195","0.028947636485099792","0.028947636485099792","0.028947636485099792","0.0342683382332325","0.0342683382332325","0.0342683382332325","0.04625392705202103","0.04625392705202103","0.04625392705202103","0.062119677662849426","0.062119677662849426","0.062119677662849426"
"209","0.022828277200460434","0.022828277200460434","0.022828277200460434","0.0506744384765625","0.0506744384765625","0.0506744384765625","0.052075520157814026","0.052075520157814026","0.052075520157814026","0.04886588081717491","0.04886588081717491","0.04886588081717491","0.02646855264902115","0.02646855264902115","0.02646855264902115","0.021730460226535797","0.021730460226535797","0.021730460226535797","0.05417127162218094","0.05417127162218094","0.05417127162218094","0.0809980034828186","0.0809980034828186","0.0809980034828186"
"220","0.069211445748806","0.069211445748806","0.069211445748806","0.0656033605337143","0.0656033605337143","0.0656033605337143","0.04191996529698372","0.04191996529698372","0.04191996529698372","0.05127635598182678","0.05127635598182678","0.05127635598182678","0.0392671637237072","0.0392671637237072","0.0392671637237072","0.01978079229593277","0.01978079229593277","0.01978079229593277","0.07017605006694794","0.07017605006694794","0.07017605006694794","0.08180466294288635","0.08180466294288635","0.08180466294288635"
"231","0.046077609062194824","0.046077609062194824","0.046077609062194824","0.05348405987024307","0.05348405987024307","0.05348405987024307","0.020759329199790955","0.020759329199790955","0.020759329199790955","0.032606907188892365","0.032606907188892365","0.032606907188892365","0.03058691695332527","0.03058691695332527","0.03058691695332527","0.03839453309774399","0.03839453309774399","0.03839453309774399","0.0524318590760231","0.0524318590760231","0.0524318590760231","0.08157484978437424","0.08157484978437424","0.08157484978437424"
"242","0.04474342241883278","0.04474342241883278","0.04474342241883278","0.03318701684474945","0.03318701684474945","0.03318701684474945","0.0198860764503479","0.0198860764503479","0.0198860764503479","0.051514632999897","0.051514632999897","0.051514632999897","0.029393184930086136","0.029393184930086136","0.029393184930086136","0.04379446059465408","0.04379446059465408","0.04379446059465408","0.05655904859304428","0.05655904859304428","0.05655904859304428","0.04516938328742981","0.04516938328742981","0.04516938328742981"
"253","0.0382126085460186","0.0382126085460186","0.0382126085460186","0.025976458564400673","0.025976458564400673","0.025976458564400673","0.03408757597208023","0.03408757597208023","0.03408757597208023","0.033449623733758926","0.033449623733758926","0.033449623733758926","0.02615387737751007","0.02615387737751007","0.02615387737751007","0.03813110664486885","0.03813110664486885","0.03813110664486885","0.027595194056630135","0.027595194056630135","0.027595194056630135","0.05500182509422302","0.05500182509422302","0.05500182509422302"
"264","0.045243650674819946","0.045243650674819946","0.045243650674819946","0.02000470459461212","0.02000470459461212","0.02000470459461212","0.024558905512094498","0.024558905512094498","0.024558905512094498","0.0227469801902771","0.0227469801902771","0.0227469801902771","0.0153629370033741","0.0153629370033741","0.0153629370033741","0.03769762068986893","0.03769762068986893","0.03769762068986893","0.03463458642363548","0.03463458642363548","0.03463458642363548","0.052639663219451904","0.052639663219451904","0.052639663219451904"
"275","0.020696580410003662","0.020696580410003662","0.020696580410003662","0.040465034544467926","0.040465034544467926","0.040465034544467926","0.008723296225070953","0.008723296225070953","0.008723296225070953","0.025991380214691162","0.025991380214691162","0.025991380214691162","0.07750214636325836","0.07750214636325836","0.07750214636325836","0.05547460541129112","0.05547460541129112","0.05547460541129112","0.05694306269288063","0.05694306269288063","0.05694306269288063","0.1068352609872818","0.1068352609872818","0.1068352609872818"
"286","0.04042116552591324","0.04042116552591324","0.04042116552591324","0.024011503905057907","0.024011503905057907","0.024011503905057907","0.02350955456495285","0.02350955456495285","0.02350955456495285","0.0298817940056324","0.0298817940056324","0.0298817940056324","0.040977593511343","0.040977593511343","0.040977593511343","0.010466426610946655","0.010466426610946655","0.010466426610946655","0.05675195902585983","0.05675195902585983","0.05675195902585983","0.03658981993794441","0.03658981993794441","0.03658981993794441"
"297","0.028265876695513725","0.028265876695513725","0.028265876695513725","0.03212545067071915","0.03212545067071915","0.03212545067071915","0.017733652144670486","0.017733652144670486","0.017733652144670486","0.025678101927042007","0.025678101927042007","0.025678101927042007","0.05454353615641594","0.05454353615641594","0.05454353615641594","0.045448414981365204","0.045448414981365204","0.045448414981365204","0.0238022617995739","0.0238022617995739","0.0238022617995739","0.03200089931488037","0.03200089931488037","0.03200089931488037"
"308","0.01904851570725441","0.01904851570725441","0.01904851570725441","0.014727000147104263","0.014727000147104263","0.014727000147104263","0.01434214785695076","0.01434214785695076","0.01434214785695076","0.026415135711431503","0.026415135711431503","0.026415135711431503","0.02474631741642952","0.02474631741642952","0.02474631741642952","0.015914425253868103","0.015914425253868103","0.015914425253868103","0.05675926432013512","0.05675926432013512","0.05675926432013512","0.1379987895488739","0.1379987895488739","0.1379987895488739"
"319","0.024060338735580444","0.024060338735580444","0.024060338735580444","0.029176466166973114","0.029176466166973114","0.029176466166973114","0.018118809908628464","0.018118809908628464","0.018118809908628464","0.015111610293388367","0.015111610293388367","0.015111610293388367","0.019658830016851425","0.019658830016851425","0.019658830016851425","0.05215808376669884","0.05215808376669884","0.05215808376669884","0.03618192672729492","0.03618192672729492","0.03618192672729492","0.0342065654695034","0.0342065654695034","0.0342065654695034"
"330","0.03063390776515007","0.03063390776515007","0.03063390776515007","0.04751545935869217","0.04751545935869217","0.04751545935869217","0.02260304056107998","0.02260304056107998","0.02260304056107998","0.02157098427414894","0.02157098427414894","0.02157098427414894","0.02775026112794876","0.02775026112794876","0.02775026112794876","0.012904979288578033","0.012904979288578033","0.012904979288578033","0.028414718806743622","0.028414718806743622","0.028414718806743622","0.07764743268489838","0.07764743268489838","0.07764743268489838"
"341","0.011761344969272614","0.011761344969272614","0.011761344969272614","0.01043153926730156","0.01043153926730156","0.01043153926730156","0.018624771386384964","0.018624771386384964","0.018624771386384964","0.03842593729496002","0.03842593729496002","0.03842593729496002","0.050745073705911636","0.050745073705911636","0.050745073705911636","0.013442710041999817","0.013442710041999817","0.013442710041999817","0.028715353459119797","0.028715353459119797","0.028715353459119797","0.0491904653608799","0.0491904653608799","0.0491904653608799"
"352","0.01939775049686432","0.01939775049686432","0.01939775049686432","0.03847251459956169","0.03847251459956169","0.03847251459956169","0.013022691011428833","0.013022691011428833","0.013022691011428833","0.01675177738070488","0.01675177738070488","0.01675177738070488","0.03179604932665825","0.03179604932665825","0.03179604932665825","0.020010948181152344","0.020010948181152344","0.020010948181152344","0.026789158582687378","0.026789158582687378","0.026789158582687378","0.016639303416013718","0.016639303416013718","0.016639303416013718"
"363","0.024772122502326965","0.024772122502326965","0.024772122502326965","0.03575809299945831","0.03575809299945831","0.03575809299945831","0.024497490376234055","0.024497490376234055","0.024497490376234055","0.02144036442041397","0.02144036442041397","0.02144036442041397","0.01642085425555706","0.01642085425555706","0.01642085425555706","0.03380550444126129","0.03380550444126129","0.03380550444126129","0.041362348943948746","0.041362348943948746","0.041362348943948746","0.0326998308300972","0.0326998308300972","0.0326998308300972"
"374","0.03622490167617798","0.03622490167617798","0.03622490167617798","0.013073533773422241","0.013073533773422241","0.013073533773422241","0.008171223104000092","0.008171223104000092","0.008171223104000092","0.028202548623085022","0.028202548623085022","0.028202548623085022","0.02742680162191391","0.02742680162191391","0.02742680162191391","0.0204140767455101","0.0204140767455101","0.0204140767455101","0.06276636570692062","0.06276636570692062","0.06276636570692062","0.046944502741098404","0.046944502741098404","0.046944502741098404"
"385","0.015742391347885132","0.015742391347885132","0.015742391347885132","0.023186758160591125","0.023186758160591125","0.023186758160591125","0.011622563004493713","0.011622563004493713","0.011622563004493713","0.014818500727415085","0.014818500727415085","0.014818500727415085","0.021403584629297256","0.021403584629297256","0.021403584629297256","0.01867028698325157","0.01867028698325157","0.01867028698325157","0.05567598342895508","0.05567598342895508","0.05567598342895508","0.06467904150485992","0.06467904150485992","0.06467904150485992"
"396","0.01403331384062767","0.01403331384062767","0.01403331384062767","0.032586026936769485","0.032586026936769485","0.032586026936769485","0.010315462946891785","0.010315462946891785","0.010315462946891785","0.012304682284593582","0.012304682284593582","0.012304682284593582","0.01696331426501274","0.01696331426501274","0.01696331426501274","0.026447568088769913","0.026447568088769913","0.026447568088769913","0.032997436821460724","0.032997436821460724","0.032997436821460724","0.05371776968240738","0.05371776968240738","0.05371776968240738"
"407","0.019389912486076355","0.019389912486076355","0.019389912486076355","0.015661150217056274","0.015661150217056274","0.015661150217056274","0.027394866570830345","0.027394866570830345","0.027394866570830345","0.005668208003044128","0.005668208003044128","0.005668208003044128","0.021254923194646835","0.021254923194646835","0.021254923194646835","0.014790147542953491","0.014790147542953491","0.014790147542953491","0.024069372564554214","0.024069372564554214","0.024069372564554214","0.03822043165564537","0.03822043165564537","0.03822043165564537"
"418","0.010517489165067673","0.010517489165067673","0.010517489165067673","0.019579946994781494","0.019579946994781494","0.019579946994781494","0.02168453112244606","0.02168453112244606","0.02168453112244606","0.02543027698993683","0.02543027698993683","0.02543027698993683","0.019832924008369446","0.019832924008369446","0.019832924008369446","0.01860635355114937","0.01860635355114937","0.01860635355114937","0.05398069694638252","0.05398069694638252","0.05398069694638252","0.08880805224180222","0.08880805224180222","0.08880805224180222"
"429","0.01052115112543106","0.01052115112543106","0.01052115112543106","0.028574135154485703","0.028574135154485703","0.028574135154485703","0.0158994160592556","0.0158994160592556","0.0158994160592556","0.018040787428617477","0.018040787428617477","0.018040787428617477","0.016236331313848495","0.016236331313848495","0.016236331313848495","0.01948152855038643","0.01948152855038643","0.01948152855038643","0.02351284772157669","0.02351284772157669","0.02351284772157669","0.019470632076263428","0.019470632076263428","0.019470632076263428"
"440","0.012878108769655228","0.012878108769655228","0.012878108769655228","0.013188254088163376","0.013188254088163376","0.013188254088163376","0.04470032826066017","0.04470032826066017","0.04470032826066017","0.013581246137619019","0.013581246137619019","0.013581246137619019","0.010054726153612137","0.010054726153612137","0.010054726153612137","0.026401467621326447","0.026401467621326447","0.026401467621326447","0.050841815769672394","0.050841815769672394","0.050841815769672394","0.060500361025333405","0.060500361025333405","0.060500361025333405"
"451","0.053664326667785645","0.053664326667785645","0.053664326667785645","0.009555835276842117","0.009555835276842117","0.009555835276842117","0.0304839089512825","0.0304839089512825","0.0304839089512825","0.028942003846168518","0.028942003846168518","0.028942003846168518","0.014897307381033897","0.014897307381033897","0.014897307381033897","0.00681363046169281","0.00681363046169281","0.00681363046169281","0.03115198388695717","0.03115198388695717","0.03115198388695717","0.0863083004951477","0.0863083004951477","0.0863083004951477"
"462","0.015450850129127502","0.015450850129127502","0.015450850129127502","0.013835476711392403","0.013835476711392403","0.013835476711392403","0.01387980580329895","0.01387980580329895","0.01387980580329895","0.009365376085042953","0.009365376085042953","0.009365376085042953","0.02570600062608719","0.02570600062608719","0.02570600062608719","0.019834328442811966","0.019834328442811966","0.019834328442811966","0.026576535776257515","0.026576535776257515","0.026576535776257515","0.12359197437763214","0.12359197437763214","0.12359197437763214"
"473","0.006732270121574402","0.006732270121574402","0.006732270121574402","0.014320654794573784","0.014320654794573784","0.014320654794573784","0.014754313975572586","0.014754313975572586","0.014754313975572586","0.057686444371938705","0.057686444371938705","0.057686444371938705","0.01601123809814453","0.01601123809814453","0.01601123809814453","0.027383625507354736","0.027383625507354736","0.027383625507354736","0.04884864017367363","0.04884864017367363","0.04884864017367363","0.06282010674476624","0.06282010674476624","0.06282010674476624"
"484","0.015266968868672848","0.015266968868672848","0.015266968868672848","0.021613720804452896","0.021613720804452896","0.021613720804452896","0.019568584859371185","0.019568584859371185","0.019568584859371185","0.019077900797128677","0.019077900797128677","0.019077900797128677","0.0068255215883255005","0.0068255215883255005","0.0068255215883255005","0.011488450691103935","0.011488450691103935","0.011488450691103935","0.05865738168358803","0.05865738168358803","0.05865738168358803","0.03075782209634781","0.03075782209634781","0.03075782209634781"
"495","0.0048720017075538635","0.0048720017075538635","0.0048720017075538635","0.016826048493385315","0.016826048493385315","0.016826048493385315","0.018633045256137848","0.018633045256137848","0.018633045256137848","0.008858561515808105","0.008858561515808105","0.008858561515808105","0.04135429114103317","0.04135429114103317","0.04135429114103317","0.013550817966461182","0.013550817966461182","0.013550817966461182","0.04786277934908867","0.04786277934908867","0.04786277934908867","0.08474438637495041","0.08474438637495041","0.08474438637495041"
"506","0.019068658351898193","0.019068658351898193","0.019068658351898193","0.024261604994535446","0.024261604994535446","0.024261604994535446","0.016896601766347885","0.016896601766347885","0.016896601766347885","0.010421384125947952","0.010421384125947952","0.010421384125947952","0.02672724425792694","0.02672724425792694","0.02672724425792694","0.019300304353237152","0.019300304353237152","0.019300304353237152","0.035897333174943924","0.035897333174943924","0.035897333174943924","0.040906745940446854","0.040906745940446854","0.040906745940446854"
"517","0.014798594638705254","0.014798594638705254","0.014798594638705254","0.012282557785511017","0.012282557785511017","0.012282557785511017","0.010716512799263","0.010716512799263","0.010716512799263","0.01338135078549385","0.01338135078549385","0.01338135078549385","0.04497267305850983","0.04497267305850983","0.04497267305850983","0.009867463260889053","0.009867463260889053","0.009867463260889053","0.03762894123792648","0.03762894123792648","0.03762894123792648","0.07582922279834747","0.07582922279834747","0.07582922279834747"
"528","0.01318085566163063","0.01318085566163063","0.01318085566163063","0.009504176676273346","0.009504176676273346","0.009504176676273346","0.025164587423205376","0.025164587423205376","0.025164587423205376","0.0072685107588768005","0.0072685107588768005","0.0072685107588768005","0.04719126969575882","0.04719126969575882","0.04719126969575882","0.015083331614732742","0.015083331614732742","0.015083331614732742","0.03460603579878807","0.03460603579878807","0.03460603579878807","0.05425357446074486","0.05425357446074486","0.05425357446074486"
"539","0.007210059091448784","0.007210059091448784","0.007210059091448784","0.010091613978147507","0.010091613978147507","0.010091613978147507","0.016983862966299057","0.016983862966299057","0.016983862966299057","0.012477852404117584","0.012477852404117584","0.012477852404117584","0.010892558842897415","0.010892558842897415","0.010892558842897415","0.015255458652973175","0.015255458652973175","0.015255458652973175","0.015625420957803726","0.015625420957803726","0.015625420957803726","0.043296586722135544","0.043296586722135544","0.043296586722135544"
"550","0.013197654858231544","0.013197654858231544","0.013197654858231544","0.01290140300989151","0.01290140300989151","0.01290140300989151","0.005626607686281204","0.005626607686281204","0.005626607686281204","0.02697843685746193","0.02697843685746193","0.02697843685746193","0.01628468930721283","0.01628468930721283","0.01628468930721283","0.0035582557320594788","0.0035582557320594788","0.0035582557320594788","0.033148955553770065","0.033148955553770065","0.033148955553770065","0.0778704285621643","0.0778704285621643","0.0778704285621643"