"Step","1e-3NoWeightdecay(test1) - MAE/Host_spread/Switches","1e-3NoWeightdecay(test1) - MAE/Host_spread/Switches__MIN","1e-3NoWeightdecay(test1) - MAE/Host_spread/Switches__MAX","1e-3noWarmUP - MAE/Host_spread/Switches","1e-3noWarmUP - MAE/Host_spread/Switches__MIN","1e-3noWarmUP - MAE/Host_spread/Switches__MAX","5e-4NoWeightdecay - MAE/Host_spread/Switches","5e-4NoWeightdecay - MAE/Host_spread/Switches__MIN","5e-4NoWeightdecay - MAE/Host_spread/Switches__MAX","1e-3withScheduler - MAE/Host_spread/Switches","1e-3withScheduler - MAE/Host_spread/Switches__MIN","1e-3withScheduler - MAE/Host_spread/Switches__MAX","5e-4withScheduler - MAE/Host_spread/Switches","5e-4withScheduler - MAE/Host_spread/Switches__MIN","5e-4withScheduler - MAE/Host_spread/Switches__MAX","1e-3MSELoss - MAE/Host_spread/Switches","1e-3MSELoss - MAE/Host_spread/Switches__MIN","1e-3MSELoss - MAE/Host_spread/Switches__MAX","1e-4NoWeightdecay - MAE/Host_spread/Switches","1e-4NoWeightdecay - MAE/Host_spread/Switches__MIN","1e-4NoWeightdecay - MAE/Host_spread/Switches__MAX","5e-3withScheduler - MAE/Host_spread/Switches","5e-3withScheduler - MAE/Host_spread/Switches__MIN","5e-3withScheduler - MAE/Host_spread/Switches__MAX"
"1","0.4100360870361328","0.4100360870361328","0.4100360870361328","0.034005507826805115","0.034005507826805115","0.034005507826805115","0.5052298307418823","0.5052298307418823","0.5052298307418823","0.5233091711997986","0.5233091711997986","0.5233091711997986","0.46218764781951904","0.46218764781951904","0.46218764781951904","0.4416153132915497","0.4416153132915497","0.4416153132915497","0.45468926429748535","0.45468926429748535","0.45468926429748535","0.4997960925102234","0.4997960925102234","0.4997960925102234"
"11","0.020782440900802612","0.020782440900802612","0.020782440900802612","0.011767064221203327","0.011767064221203327","0.011767064221203327","0.09039738029241562","0.09039738029241562","0.09039738029241562","0.015154690481722355","0.015154690481722355","0.015154690481722355","0.08912058174610138","0.08912058174610138","0.08912058174610138","0.01871582493185997","0.01871582493185997","0.01871582493185997","0.31540703773498535","0.31540703773498535","0.31540703773498535","0.019291451200842857","0.019291451200842857","0.019291451200842857"
"22","0.031707391142845154","0.031707391142845154","0.031707391142845154","0.021450042724609375","0.021450042724609375","0.021450042724609375","0.01920437440276146","0.01920437440276146","0.01920437440276146","0.011207206174731255","0.011207206174731255","0.011207206174731255","0.020929645746946335","0.020929645746946335","0.020929645746946335","0.011628352105617523","0.011628352105617523","0.011628352105617523","0.06039240583777428","0.06039240583777428","0.06039240583777428","0.018136916682124138","0.018136916682124138","0.018136916682124138"
"33","0.01697183959186077","0.01697183959186077","0.01697183959186077","0.008472215384244919","0.008472215384244919","0.008472215384244919","0.03970439359545708","0.03970439359545708","0.03970439359545708","0.012256573885679245","0.012256573885679245","0.012256573885679245","0.01633422076702118","0.01633422076702118","0.01633422076702118","0.017081763595342636","0.017081763595342636","0.017081763595342636","0.03387666121125221","0.03387666121125221","0.03387666121125221","0.008635664358735085","0.008635664358735085","0.008635664358735085"
"44","0.009524723514914513","0.009524723514914513","0.009524723514914513","0.040523502975702286","0.040523502975702286","0.040523502975702286","0.012149974703788757","0.012149974703788757","0.012149974703788757","0.01680733636021614","0.01680733636021614","0.01680733636021614","0.010527485981583595","0.010527485981583595","0.010527485981583595","0.014044983312487602","0.014044983312487602","0.014044983312487602","0.01960074156522751","0.01960074156522751","0.01960074156522751","0.004169808235019445","0.004169808235019445","0.004169808235019445"
"55","0.0052077737636864185","0.0052077737636864185","0.0052077737636864185","0.014651023782789707","0.014651023782789707","0.014651023782789707","0.012566993944346905","0.012566993944346905","0.012566993944346905","0.014134027995169163","0.014134027995169163","0.014134027995169163","0.018923722207546234","0.018923722207546234","0.018923722207546234","0.008887970820069313","0.008887970820069313","0.008887970820069313","0.022940801456570625","0.022940801456570625","0.022940801456570625","0.013947445899248123","0.013947445899248123","0.013947445899248123"
"66","0.0134657621383667","0.0134657621383667","0.0134657621383667","0.0033806064166128635","0.0033806064166128635","0.0033806064166128635","0.010834122076630592","0.010834122076630592","0.010834122076630592","0.014117345213890076","0.014117345213890076","0.014117345213890076","0.014491583220660686","0.014491583220660686","0.014491583220660686","0.011359894648194313","0.011359894648194313","0.011359894648194313","0.007950910367071629","0.007950910367071629","0.007950910367071629","0.02215459570288658","0.02215459570288658","0.02215459570288658"
"77","0.02998216822743416","0.02998216822743416","0.02998216822743416","0.01089704129844904","0.01089704129844904","0.01089704129844904","0.01342648733407259","0.01342648733407259","0.01342648733407259","0.009203840047121048","0.009203840047121048","0.009203840047121048","0.011261196807026863","0.011261196807026863","0.011261196807026863","0.0493369922041893","0.0493369922041893","0.0493369922041893","0.014286506921052933","0.014286506921052933","0.014286506921052933","0.018749240785837173","0.018749240785837173","0.018749240785837173"
"88","0.010079882107675076","0.010079882107675076","0.010079882107675076","0.019602566957473755","0.019602566957473755","0.019602566957473755","0.00983267743140459","0.00983267743140459","0.00983267743140459","0.013037869706749916","0.013037869706749916","0.013037869706749916","0.017750713974237442","0.017750713974237442","0.017750713974237442","0.025378813967108727","0.025378813967108727","0.025378813967108727","0.005319491494446993","0.005319491494446993","0.005319491494446993","0.010267793200910091","0.010267793200910091","0.010267793200910091"
"99","0.008310185745358467","0.008310185745358467","0.008310185745358467","0.01809958927333355","0.01809958927333355","0.01809958927333355","0.008603930473327637","0.008603930473327637","0.008603930473327637","0.008801951073110104","0.008801951073110104","0.008801951073110104","0.04666931554675102","0.04666931554675102","0.04666931554675102","0.015394075773656368","0.015394075773656368","0.015394075773656368","0.013286284171044827","0.013286284171044827","0.013286284171044827","0.01593761518597603","0.01593761518597603","0.01593761518597603"
"110","0.02126244455575943","0.02126244455575943","0.02126244455575943","0.005901976488530636","0.005901976488530636","0.005901976488530636","0.020031236112117767","0.020031236112117767","0.020031236112117767","0.012019804678857327","0.012019804678857327","0.012019804678857327","0.010708389803767204","0.010708389803767204","0.010708389803767204","0.022227030247449875","0.022227030247449875","0.022227030247449875","0.045252006500959396","0.045252006500959396","0.045252006500959396","0.01578185148537159","0.01578185148537159","0.01578185148537159"
"121","0.015526602044701576","0.015526602044701576","0.015526602044701576","0.02085709571838379","0.02085709571838379","0.02085709571838379","0.005365009419620037","0.005365009419620037","0.005365009419620037","0.024888234212994576","0.024888234212994576","0.024888234212994576","0.02393244579434395","0.02393244579434395","0.02393244579434395","0.013668443076312542","0.013668443076312542","0.013668443076312542","0.009269793517887592","0.009269793517887592","0.009269793517887592","0.003790039336308837","0.003790039336308837","0.003790039336308837"
"132","0.011060493998229504","0.011060493998229504","0.011060493998229504","0.015422012656927109","0.015422012656927109","0.015422012656927109","0.010041879490017891","0.010041879490017891","0.010041879490017891","0.007606649771332741","0.007606649771332741","0.007606649771332741","0.015989137813448906","0.015989137813448906","0.015989137813448906","0.010496157221496105","0.010496157221496105","0.010496157221496105","0.010628600604832172","0.010628600604832172","0.010628600604832172","0.012280373834073544","0.012280373834073544","0.012280373834073544"
"143","0.01875199005007744","0.01875199005007744","0.01875199005007744","0.020299434661865234","0.020299434661865234","0.020299434661865234","0.01826167292892933","0.01826167292892933","0.01826167292892933","0.010038517415523529","0.010038517415523529","0.010038517415523529","0.018287062644958496","0.018287062644958496","0.018287062644958496","0.015105575323104858","0.015105575323104858","0.015105575323104858","0.007690023630857468","0.007690023630857468","0.007690023630857468","0.015211941674351692","0.015211941674351692","0.015211941674351692"
"154","0.011898256838321686","0.011898256838321686","0.011898256838321686","0.009744575247168541","0.009744575247168541","0.009744575247168541","0.014037392102181911","0.014037392102181911","0.014037392102181911","0.007587667554616928","0.007587667554616928","0.007587667554616928","0.027428992092609406","0.027428992092609406","0.027428992092609406","0.011183069087564945","0.011183069087564945","0.011183069087564945","0.009557487443089485","0.009557487443089485","0.009557487443089485","0.0067766327410936356","0.0067766327410936356","0.0067766327410936356"
"165","0.032427962869405746","0.032427962869405746","0.032427962869405746","0.019022304564714432","0.019022304564714432","0.019022304564714432","0.026783354580402374","0.026783354580402374","0.026783354580402374","0.02087416499853134","0.02087416499853134","0.02087416499853134","0.019641825929284096","0.019641825929284096","0.019641825929284096","0.01523970440030098","0.01523970440030098","0.01523970440030098","0.05301082879304886","0.05301082879304886","0.05301082879304886","0.008674263022840023","0.008674263022840023","0.008674263022840023"
"176","0.011714039370417595","0.011714039370417595","0.011714039370417595","0.014070010744035244","0.014070010744035244","0.014070010744035244","0.010308438912034035","0.010308438912034035","0.010308438912034035","0.009805034846067429","0.009805034846067429","0.009805034846067429","0.026950612664222717","0.026950612664222717","0.026950612664222717","0.02847456745803356","0.02847456745803356","0.02847456745803356","0.00748855248093605","0.00748855248093605","0.00748855248093605","0.017362676560878754","0.017362676560878754","0.017362676560878754"
"187","0.009002451784908772","0.009002451784908772","0.009002451784908772","0.013787388801574707","0.013787388801574707","0.013787388801574707","0.012012314051389694","0.012012314051389694","0.012012314051389694","0.010652529075741768","0.010652529075741768","0.010652529075741768","0.013491403311491013","0.013491403311491013","0.013491403311491013","0.025766780599951744","0.025766780599951744","0.025766780599951744","0.018306806683540344","0.018306806683540344","0.018306806683540344","0.019411906599998474","0.019411906599998474","0.019411906599998474"
"198","0.008707155473530293","0.008707155473530293","0.008707155473530293","0.008280623704195023","0.008280623704195023","0.008280623704195023","0.012958669103682041","0.012958669103682041","0.012958669103682041","0.00887510646134615","0.00887510646134615","0.00887510646134615","0.012364281341433525","0.012364281341433525","0.012364281341433525","0.009594863280653954","0.009594863280653954","0.009594863280653954","0.020952241495251656","0.020952241495251656","0.020952241495251656","0.027615513652563095","0.027615513652563095","0.027615513652563095"
"209","0.016648121178150177","0.016648121178150177","0.016648121178150177","0.016111955046653748","0.016111955046653748","0.016111955046653748","0.008919846266508102","0.008919846266508102","0.008919846266508102","0.012017855420708656","0.012017855420708656","0.012017855420708656","0.014699147082865238","0.014699147082865238","0.014699147082865238","0.0037379227578639984","0.0037379227578639984","0.0037379227578639984","0.0240514874458313","0.0240514874458313","0.0240514874458313","0.016568314284086227","0.016568314284086227","0.016568314284086227"
"220","0.02359677664935589","0.02359677664935589","0.02359677664935589","0.0054862662218511105","0.0054862662218511105","0.0054862662218511105","0.009986975230276585","0.009986975230276585","0.009986975230276585","0.030423035845160484","0.030423035845160484","0.030423035845160484","0.021773729473352432","0.021773729473352432","0.021773729473352432","0.01582956686615944","0.01582956686615944","0.01582956686615944","0.02051910012960434","0.02051910012960434","0.02051910012960434","0.02240060269832611","0.02240060269832611","0.02240060269832611"
"231","0.020486904308199883","0.020486904308199883","0.020486904308199883","0.020889313891530037","0.020889313891530037","0.020889313891530037","0.012653470039367676","0.012653470039367676","0.012653470039367676","0.02315846085548401","0.02315846085548401","0.02315846085548401","0.02085266262292862","0.02085266262292862","0.02085266262292862","0.010463826358318329","0.010463826358318329","0.010463826358318329","0.010463074781000614","0.010463074781000614","0.010463074781000614","0.012825869023799896","0.012825869023799896","0.012825869023799896"
"242","0.009561942890286446","0.009561942890286446","0.009561942890286446","0.017697077244520187","0.017697077244520187","0.017697077244520187","0.006249741651117802","0.006249741651117802","0.006249741651117802","0.015458310954272747","0.015458310954272747","0.015458310954272747","0.008545651100575924","0.008545651100575924","0.008545651100575924","0.018666161224246025","0.018666161224246025","0.018666161224246025","0.012973296456038952","0.012973296456038952","0.012973296456038952","0.020188473165035248","0.020188473165035248","0.020188473165035248"
"253","0.02349051833152771","0.02349051833152771","0.02349051833152771","0.005865671206265688","0.005865671206265688","0.005865671206265688","0.02143026515841484","0.02143026515841484","0.02143026515841484","0.021407440304756165","0.021407440304756165","0.021407440304756165","0.01713627390563488","0.01713627390563488","0.01713627390563488","0.020548561587929726","0.020548561587929726","0.020548561587929726","0.01641102321445942","0.01641102321445942","0.01641102321445942","0.01389399915933609","0.01389399915933609","0.01389399915933609"
"264","0.01947859488427639","0.01947859488427639","0.01947859488427639","0.012263847514986992","0.012263847514986992","0.012263847514986992","0.00494020339101553","0.00494020339101553","0.00494020339101553","0.009591511450707912","0.009591511450707912","0.009591511450707912","0.009803147055208683","0.009803147055208683","0.009803147055208683","0.02577563375234604","0.02577563375234604","0.02577563375234604","0.008543308824300766","0.008543308824300766","0.008543308824300766","0.024888863787055016","0.024888863787055016","0.024888863787055016"
"275","0.023480160161852837","0.023480160161852837","0.023480160161852837","0.014011303894221783","0.014011303894221783","0.014011303894221783","0.004536277614533901","0.004536277614533901","0.004536277614533901","0.012573318555951118","0.012573318555951118","0.012573318555951118","0.024129368364810944","0.024129368364810944","0.024129368364810944","0.008156388998031616","0.008156388998031616","0.008156388998031616","0.0073914979584515095","0.0073914979584515095","0.0073914979584515095","0.03875763714313507","0.03875763714313507","0.03875763714313507"
"286","0.02228921465575695","0.02228921465575695","0.02228921465575695","0.01032305508852005","0.01032305508852005","0.01032305508852005","0.012690226547420025","0.012690226547420025","0.012690226547420025","0.008689988404512405","0.008689988404512405","0.008689988404512405","0.014804410748183727","0.014804410748183727","0.014804410748183727","0.024081531912088394","0.024081531912088394","0.024081531912088394","0.014042980037629604","0.014042980037629604","0.014042980037629604","0.01660478487610817","0.01660478487610817","0.01660478487610817"
"297","0.018427837640047073","0.018427837640047073","0.018427837640047073","0.010959229432046413","0.010959229432046413","0.010959229432046413","0.008444389328360558","0.008444389328360558","0.008444389328360558","0.007783061824738979","0.007783061824738979","0.007783061824738979","0.020512383431196213","0.020512383431196213","0.020512383431196213","0.01576249673962593","0.01576249673962593","0.01576249673962593","0.010288321413099766","0.010288321413099766","0.010288321413099766","0.014230333268642426","0.014230333268642426","0.014230333268642426"
"308","0.009328904561698437","0.009328904561698437","0.009328904561698437","0.009832770563662052","0.009832770563662052","0.009832770563662052","0.015877926722168922","0.015877926722168922","0.015877926722168922","0.010154696181416512","0.010154696181416512","0.010154696181416512","0.010151747614145279","0.010151747614145279","0.010151747614145279","0.017628446221351624","0.017628446221351624","0.017628446221351624","0.012385955080389977","0.012385955080389977","0.012385955080389977","0.011141588911414146","0.011141588911414146","0.011141588911414146"
"319","0.011893527582287788","0.011893527582287788","0.011893527582287788","0.010645920410752296","0.010645920410752296","0.010645920410752296","0.012836499139666557","0.012836499139666557","0.012836499139666557","0.010381495580077171","0.010381495580077171","0.010381495580077171","0.013557810336351395","0.013557810336351395","0.013557810336351395","0.010734843090176582","0.010734843090176582","0.010734843090176582","0.003991598263382912","0.003991598263382912","0.003991598263382912","0.013989106751978397","0.013989106751978397","0.013989106751978397"
"330","0.0023790737614035606","0.0023790737614035606","0.0023790737614035606","0.01610502228140831","0.01610502228140831","0.01610502228140831","0.010793698951601982","0.010793698951601982","0.010793698951601982","0.0073474980890750885","0.0073474980890750885","0.0073474980890750885","0.011415132321417332","0.011415132321417332","0.011415132321417332","0.007460824679583311","0.007460824679583311","0.007460824679583311","0.009294655174016953","0.009294655174016953","0.009294655174016953","0.017882371321320534","0.017882371321320534","0.017882371321320534"
"341","0.009882600978016853","0.009882600978016853","0.009882600978016853","0.0038533455226570368","0.0038533455226570368","0.0038533455226570368","0.015899520367383957","0.015899520367383957","0.015899520367383957","0.010623658075928688","0.010623658075928688","0.010623658075928688","0.015522146597504616","0.015522146597504616","0.015522146597504616","0.01200859248638153","0.01200859248638153","0.01200859248638153","0.012279491871595383","0.012279491871595383","0.012279491871595383","0.023885995149612427","0.023885995149612427","0.023885995149612427"
"352","0.016352113336324692","0.016352113336324692","0.016352113336324692","0.009624269790947437","0.009624269790947437","0.009624269790947437","0.008509066887199879","0.008509066887199879","0.008509066887199879","0.009297902695834637","0.009297902695834637","0.009297902695834637","0.007770197000354528","0.007770197000354528","0.007770197000354528","0.007270042784512043","0.007270042784512043","0.007270042784512043","0.004564815200865269","0.004564815200865269","0.004564815200865269","0.019289487972855568","0.019289487972855568","0.019289487972855568"
"363","0.008919564075767994","0.008919564075767994","0.008919564075767994","0.012433228082954884","0.012433228082954884","0.012433228082954884","0.008769484236836433","0.008769484236836433","0.008769484236836433","0.015111063607037067","0.015111063607037067","0.015111063607037067","0.01221416424959898","0.01221416424959898","0.01221416424959898","0.017351781949400902","0.017351781949400902","0.017351781949400902","0.013718392699956894","0.013718392699956894","0.013718392699956894","0.01756010390818119","0.01756010390818119","0.01756010390818119"
"374","0.010439610108733177","0.010439610108733177","0.010439610108733177","0.019076108932495117","0.019076108932495117","0.019076108932495117","0.014539187774062157","0.014539187774062157","0.014539187774062157","0.006176862865686417","0.006176862865686417","0.006176862865686417","0.012048875913023949","0.012048875913023949","0.012048875913023949","0.007347826845943928","0.007347826845943928","0.007347826845943928","0.009460142813622952","0.009460142813622952","0.009460142813622952","0.012982673943042755","0.012982673943042755","0.012982673943042755"
"385","0.017917156219482422","0.017917156219482422","0.017917156219482422","0.009480912238359451","0.009480912238359451","0.009480912238359451","0.016122546046972275","0.016122546046972275","0.016122546046972275","0.012883525341749191","0.012883525341749191","0.012883525341749191","0.0032235884573310614","0.0032235884573310614","0.0032235884573310614","0.015795094892382622","0.015795094892382622","0.015795094892382622","0.01305473130196333","0.01305473130196333","0.01305473130196333","0.01938766799867153","0.01938766799867153","0.01938766799867153"
"396","0.011548419483006","0.011548419483006","0.011548419483006","0.018218031153082848","0.018218031153082848","0.018218031153082848","0.009626073762774467","0.009626073762774467","0.009626073762774467","0.010746657848358154","0.010746657848358154","0.010746657848358154","0.014266569167375565","0.014266569167375565","0.014266569167375565","0.008804351091384888","0.008804351091384888","0.008804351091384888","0.00701622199267149","0.00701622199267149","0.00701622199267149","0.03488802909851074","0.03488802909851074","0.03488802909851074"
"407","0.01576177217066288","0.01576177217066288","0.01576177217066288","0.005670437589287758","0.005670437589287758","0.005670437589287758","0.009228100068867207","0.009228100068867207","0.009228100068867207","0.012072080746293068","0.012072080746293068","0.012072080746293068","0.011370845139026642","0.011370845139026642","0.011370845139026642","0.0029453234747052193","0.0029453234747052193","0.0029453234747052193","0.009839935228228569","0.009839935228228569","0.009839935228228569","0.017537139356136322","0.017537139356136322","0.017537139356136322"
"418","0.003040625248104334","0.003040625248104334","0.003040625248104334","0.00828639604151249","0.00828639604151249","0.00828639604151249","0.013333645649254322","0.013333645649254322","0.013333645649254322","0.00976409949362278","0.00976409949362278","0.00976409949362278","0.010781504213809967","0.010781504213809967","0.010781504213809967","0.010222725570201874","0.010222725570201874","0.010222725570201874","0.013049719855189323","0.013049719855189323","0.013049719855189323","0.030286798253655434","0.030286798253655434","0.030286798253655434"
"429","0.010985536500811577","0.010985536500811577","0.010985536500811577","0.00922238640487194","0.00922238640487194","0.00922238640487194","0.009093978442251682","0.009093978442251682","0.009093978442251682","0.004658484365791082","0.004658484365791082","0.004658484365791082","0.010034192353487015","0.010034192353487015","0.010034192353487015","0.0036771029699593782","0.0036771029699593782","0.0036771029699593782","0.014450890943408012","0.014450890943408012","0.014450890943408012","0.022102227434515953","0.022102227434515953","0.022102227434515953"
"440","0.006797046400606632","0.006797046400606632","0.006797046400606632","0.003862760029733181","0.003862760029733181","0.003862760029733181","0.008786415681242943","0.008786415681242943","0.008786415681242943","0.011678151786327362","0.011678151786327362","0.011678151786327362","0.008237544447183609","0.008237544447183609","0.008237544447183609","0.0053442176431417465","0.0053442176431417465","0.0053442176431417465","0.005923681892454624","0.005923681892454624","0.005923681892454624","0.013921710662543774","0.013921710662543774","0.013921710662543774"
"451","0.010191289708018303","0.010191289708018303","0.010191289708018303","0.00870585348457098","0.00870585348457098","0.00870585348457098","0.01112709753215313","0.01112709753215313","0.01112709753215313","0.014698082581162453","0.014698082581162453","0.014698082581162453","0.014618140645325184","0.014618140645325184","0.014618140645325184","0.007607452105730772","0.007607452105730772","0.007607452105730772","0.015142403542995453","0.015142403542995453","0.015142403542995453","0.0062253279611468315","0.0062253279611468315","0.0062253279611468315"
"462","0.010711613111197948","0.010711613111197948","0.010711613111197948","0.014377539977431297","0.014377539977431297","0.014377539977431297","0.004976470954716206","0.004976470954716206","0.004976470954716206","0.013169403187930584","0.013169403187930584","0.013169403187930584","0.019019562751054764","0.019019562751054764","0.019019562751054764","0.001967961899936199","0.001967961899936199","0.001967961899936199","0.024594340473413467","0.024594340473413467","0.024594340473413467","0.018902739509940147","0.018902739509940147","0.018902739509940147"
"473","0.007979821413755417","0.007979821413755417","0.007979821413755417","0.007561642676591873","0.007561642676591873","0.007561642676591873","0.008087089285254478","0.008087089285254478","0.008087089285254478","0.007971424609422684","0.007971424609422684","0.007971424609422684","0.008022950030863285","0.008022950030863285","0.008022950030863285","0.016890469938516617","0.016890469938516617","0.016890469938516617","0.012650887481868267","0.012650887481868267","0.012650887481868267","0.008671252056956291","0.008671252056956291","0.008671252056956291"
"484","0.017798762768507004","0.017798762768507004","0.017798762768507004","0.004686826374381781","0.004686826374381781","0.004686826374381781","0.007058979012072086","0.007058979012072086","0.007058979012072086","0.010214232839643955","0.010214232839643955","0.010214232839643955","0.018627768382430077","0.018627768382430077","0.018627768382430077","0.009961085394024849","0.009961085394024849","0.009961085394024849","0.012939098291099072","0.012939098291099072","0.012939098291099072","0.01992548443377018","0.01992548443377018","0.01992548443377018"
"495","0.008885771036148071","0.008885771036148071","0.008885771036148071","0.0033076831605285406","0.0033076831605285406","0.0033076831605285406","0.011554023250937462","0.011554023250937462","0.011554023250937462","0.011094365268945694","0.011094365268945694","0.011094365268945694","0.010308858938515186","0.010308858938515186","0.010308858938515186","0.0017004732508212328","0.0017004732508212328","0.0017004732508212328","0.014628468081355095","0.014628468081355095","0.014628468081355095","0.022949527949094772","0.022949527949094772","0.022949527949094772"
"506","0.0220990888774395","0.0220990888774395","0.0220990888774395","0.00677134282886982","0.00677134282886982","0.00677134282886982","0.01818433217704296","0.01818433217704296","0.01818433217704296","0.00477592833340168","0.00477592833340168","0.00477592833340168","0.013614144176244736","0.013614144176244736","0.013614144176244736","0.013640176504850388","0.013640176504850388","0.013640176504850388","0.011068303138017654","0.011068303138017654","0.011068303138017654","0.023274529725313187","0.023274529725313187","0.023274529725313187"
"517","0.01324430201202631","0.01324430201202631","0.01324430201202631","0.012139972299337387","0.012139972299337387","0.012139972299337387","0.0038287099450826645","0.0038287099450826645","0.0038287099450826645","0.004328572191298008","0.004328572191298008","0.004328572191298008","0.036501090973615646","0.036501090973615646","0.036501090973615646","0.006101567763835192","0.006101567763835192","0.006101567763835192","0.01255570724606514","0.01255570724606514","0.01255570724606514","0.02629091776907444","0.02629091776907444","0.02629091776907444"
"528","0.004123925231397152","0.004123925231397152","0.004123925231397152","0.007410419173538685","0.007410419173538685","0.007410419173538685","0.009126923978328705","0.009126923978328705","0.009126923978328705","0.013331763446331024","0.013331763446331024","0.013331763446331024","0.011335066519677639","0.011335066519677639","0.011335066519677639","0.013536402024328709","0.013536402024328709","0.013536402024328709","0.02137213945388794","0.02137213945388794","0.02137213945388794","0.016125252470374107","0.016125252470374107","0.016125252470374107"
"539","0.007555142045021057","0.007555142045021057","0.007555142045021057","0.008736720308661461","0.008736720308661461","0.008736720308661461","0.009882127866148949","0.009882127866148949","0.009882127866148949","0.0044738249853253365","0.0044738249853253365","0.0044738249853253365","0.0077977897599339485","0.0077977897599339485","0.0077977897599339485","0.009953351691365242","0.009953351691365242","0.009953351691365242","0.011226451024413109","0.011226451024413109","0.011226451024413109","0.020309973508119583","0.020309973508119583","0.020309973508119583"
"550","0.009668877348303795","0.009668877348303795","0.009668877348303795","0.0071598440408706665","0.0071598440408706665","0.0071598440408706665","0.008463086560368538","0.008463086560368538","0.008463086560368538","0.007945741526782513","0.007945741526782513","0.007945741526782513","0.012987501919269562","0.012987501919269562","0.012987501919269562","0.010649044066667557","0.010649044066667557","0.010649044066667557","0.011741476133465767","0.011741476133465767","0.011741476133465767","0.01609913818538189","0.01609913818538189","0.01609913818538189"