"Step","1e-3NoWeightdecay(test1) - MSE/Cospeciations","1e-3NoWeightdecay(test1) - MSE/Cospeciations__MIN","1e-3NoWeightdecay(test1) - MSE/Cospeciations__MAX","1e-3noWarmUP - MSE/Cospeciations","1e-3noWarmUP - MSE/Cospeciations__MIN","1e-3noWarmUP - MSE/Cospeciations__MAX","5e-4NoWeightdecay - MSE/Cospeciations","5e-4NoWeightdecay - MSE/Cospeciations__MIN","5e-4NoWeightdecay - MSE/Cospeciations__MAX","1e-3withScheduler - MSE/Cospeciations","1e-3withScheduler - MSE/Cospeciations__MIN","1e-3withScheduler - MSE/Cospeciations__MAX","5e-4withScheduler - MSE/Cospeciations","5e-4withScheduler - MSE/Cospeciations__MIN","5e-4withScheduler - MSE/Cospeciations__MAX","1e-3MSELoss - MSE/Cospeciations","1e-3MSELoss - MSE/Cospeciations__MIN","1e-3MSELoss - MSE/Cospeciations__MAX","1e-4NoWeightdecay - MSE/Cospeciations","1e-4NoWeightdecay - MSE/Cospeciations__MIN","1e-4NoWeightdecay - MSE/Cospeciations__MAX","5e-3withScheduler - MSE/Cospeciations","5e-3withScheduler - MSE/Cospeciations__MIN","5e-3withScheduler - MSE/Cospeciations__MAX"
"1","0.03102301061153412","0.03102301061153412","0.03102301061153412","0.004521670751273632","0.004521670751273632","0.004521670751273632","0.0471842922270298","0.0471842922270298","0.0471842922270298","0.07503354549407959","0.07503354549407959","0.07503354549407959","0.10388512909412384","0.10388512909412384","0.10388512909412384","0.025293473154306412","0.025293473154306412","0.025293473154306412","0.04965556040406227","0.04965556040406227","0.04965556040406227","0.07394322752952576","0.07394322752952576","0.07394322752952576"
"11","0.0012388580944389105","0.0012388580944389105","0.0012388580944389105","0.0006852640653960407","0.0006852640653960407","0.0006852640653960407","0.0065025752410292625","0.0065025752410292625","0.0065025752410292625","0.005577374249696732","0.005577374249696732","0.005577374249696732","0.004497097339481115","0.004497097339481115","0.004497097339481115","0.0032125157304108143","0.0032125157304108143","0.0032125157304108143","0.02137928083539009","0.02137928083539009","0.02137928083539009","0.000836009974591434","0.000836009974591434","0.000836009974591434"
"22","0.012881523929536343","0.012881523929536343","0.012881523929536343","0.009448371827602386","0.009448371827602386","0.009448371827602386","0.006404303479939699","0.006404303479939699","0.006404303479939699","0.0016974100144580007","0.0016974100144580007","0.0016974100144580007","0.006561528891324997","0.006561528891324997","0.006561528891324997","0.0033134943805634975","0.0033134943805634975","0.0033134943805634975","0.006141752935945988","0.006141752935945988","0.006141752935945988","0.006749127525836229","0.006749127525836229","0.006749127525836229"
"33","0.0024791662581264973","0.0024791662581264973","0.0024791662581264973","0.013971492648124695","0.013971492648124695","0.013971492648124695","0.009450716897845268","0.009450716897845268","0.009450716897845268","0.0002467725134920329","0.0002467725134920329","0.0002467725134920329","0.0028477127198129892","0.0028477127198129892","0.0028477127198129892","0.002769245533272624","0.002769245533272624","0.002769245533272624","0.0036777565255761147","0.0036777565255761147","0.0036777565255761147","0.002436918206512928","0.002436918206512928","0.002436918206512928"
"44","0.0009722614195197821","0.0009722614195197821","0.0009722614195197821","0.0033228681422770023","0.0033228681422770023","0.0033228681422770023","0.0014304399956017733","0.0014304399956017733","0.0014304399956017733","0.007744676433503628","0.007744676433503628","0.007744676433503628","0.001551639987155795","0.001551639987155795","0.001551639987155795","0.004644492175430059","0.004644492175430059","0.004644492175430059","0.006451834924519062","0.006451834924519062","0.006451834924519062","0.007695657201111317","0.007695657201111317","0.007695657201111317"
"55","0.003972308244556189","0.003972308244556189","0.003972308244556189","0.0020306247752159834","0.0020306247752159834","0.0020306247752159834","0.0035607367753982544","0.0035607367753982544","0.0035607367753982544","0.005193612538278103","0.005193612538278103","0.005193612538278103","0.0037036524154245853","0.0037036524154245853","0.0037036524154245853","0.002072865841910243","0.002072865841910243","0.002072865841910243","0.0022651110775768757","0.0022651110775768757","0.0022651110775768757","0.009555693715810776","0.009555693715810776","0.009555693715810776"
"66","0.0039991531521081924","0.0039991531521081924","0.0039991531521081924","0.0038107517175376415","0.0038107517175376415","0.0038107517175376415","0.006266552489250898","0.006266552489250898","0.006266552489250898","0.003928095102310181","0.003928095102310181","0.003928095102310181","0.0025038914754986763","0.0025038914754986763","0.0025038914754986763","0.0020896494388580322","0.0020896494388580322","0.0020896494388580322","0.0017684937920421362","0.0017684937920421362","0.0017684937920421362","0.004716577008366585","0.004716577008366585","0.004716577008366585"
"77","0.0021022597793489695","0.0021022597793489695","0.0021022597793489695","0.006704624276608229","0.006704624276608229","0.006704624276608229","0.004792529158294201","0.004792529158294201","0.004792529158294201","0.005102937109768391","0.005102937109768391","0.005102937109768391","0.0012196318712085485","0.0012196318712085485","0.0012196318712085485","0.006773202680051327","0.006773202680051327","0.006773202680051327","0.020704997703433037","0.020704997703433037","0.020704997703433037","0.0043367501348257065","0.0043367501348257065","0.0043367501348257065"
"88","0.012012657709419727","0.012012657709419727","0.012012657709419727","0.0041677323170006275","0.0041677323170006275","0.0041677323170006275","0.010967698879539967","0.010967698879539967","0.010967698879539967","0.0009378106915391982","0.0009378106915391982","0.0009378106915391982","0.0014238718431442976","0.0014238718431442976","0.0014238718431442976","0.011613667942583561","0.011613667942583561","0.011613667942583561","0.0036016106605529785","0.0036016106605529785","0.0036016106605529785","0.002998479874804616","0.002998479874804616","0.002998479874804616"
"99","0.001281412085518241","0.001281412085518241","0.001281412085518241","0.0052955737337470055","0.0052955737337470055","0.0052955737337470055","0.003008586820214987","0.003008586820214987","0.003008586820214987","0.004785249009728432","0.004785249009728432","0.004785249009728432","0.0033909552730619907","0.0033909552730619907","0.0033909552730619907","0.003656039945781231","0.003656039945781231","0.003656039945781231","0.005488491617143154","0.005488491617143154","0.005488491617143154","0.0036693864967674017","0.0036693864967674017","0.0036693864967674017"
"110","0.004481819923967123","0.004481819923967123","0.004481819923967123","0.002828711410984397","0.002828711410984397","0.002828711410984397","0.0014426263514906168","0.0014426263514906168","0.0014426263514906168","0.007318352349102497","0.007318352349102497","0.007318352349102497","0.0024247514083981514","0.0024247514083981514","0.0024247514083981514","0.0023844472598284483","0.0023844472598284483","0.0023844472598284483","0.009302416816353798","0.009302416816353798","0.009302416816353798","0.0034107593819499016","0.0034107593819499016","0.0034107593819499016"
"121","0.0034423014149069786","0.0034423014149069786","0.0034423014149069786","0.005109249614179134","0.005109249614179134","0.005109249614179134","0.008480462245643139","0.008480462245643139","0.008480462245643139","0.0067964354529976845","0.0067964354529976845","0.0067964354529976845","0.004781090654432774","0.004781090654432774","0.004781090654432774","0.0015170135302469134","0.0015170135302469134","0.0015170135302469134","0.002360900864005089","0.002360900864005089","0.002360900864005089","0.000697507755830884","0.000697507755830884","0.000697507755830884"
"132","0.001790537964552641","0.001790537964552641","0.001790537964552641","0.005055402871221304","0.005055402871221304","0.005055402871221304","0.00044243206502869725","0.00044243206502869725","0.00044243206502869725","0.004019524436444044","0.004019524436444044","0.004019524436444044","0.0020440637599676847","0.0020440637599676847","0.0020440637599676847","0.003968353383243084","0.003968353383243084","0.003968353383243084","0.002967413514852524","0.002967413514852524","0.002967413514852524","0.003859295044094324","0.003859295044094324","0.003859295044094324"
"143","0.006208892446011305","0.006208892446011305","0.006208892446011305","0.004122409503906965","0.004122409503906965","0.004122409503906965","0.0028191516175866127","0.0028191516175866127","0.0028191516175866127","0.003189436160027981","0.003189436160027981","0.003189436160027981","0.0005236340221017599","0.0005236340221017599","0.0005236340221017599","0.0017685374477878213","0.0017685374477878213","0.0017685374477878213","0.0020587428007274866","0.0020587428007274866","0.0020587428007274866","0.006128815468400717","0.006128815468400717","0.006128815468400717"
"154","0.01036665216088295","0.01036665216088295","0.01036665216088295","0.0013314756797626615","0.0013314756797626615","0.0013314756797626615","0.0031938848551362753","0.0031938848551362753","0.0031938848551362753","0.0028008664958178997","0.0028008664958178997","0.0028008664958178997","0.006460972595959902","0.006460972595959902","0.006460972595959902","0.00369668728671968","0.00369668728671968","0.00369668728671968","0.0007567259017378092","0.0007567259017378092","0.0007567259017378092","0.0007299689459614456","0.0007299689459614456","0.0007299689459614456"
"165","0.009400592185556889","0.009400592185556889","0.009400592185556889","0.0017943247221410275","0.0017943247221410275","0.0017943247221410275","0.0018757629441097379","0.0018757629441097379","0.0018757629441097379","0.00028061505872756243","0.00028061505872756243","0.00028061505872756243","0.003814739640802145","0.003814739640802145","0.003814739640802145","0.00040509022073820233","0.00040509022073820233","0.00040509022073820233","0.0014502864796668291","0.0014502864796668291","0.0014502864796668291","0.004448672290891409","0.004448672290891409","0.004448672290891409"
"176","0.002053550910204649","0.002053550910204649","0.002053550910204649","0.0014243086334317923","0.0014243086334317923","0.0014243086334317923","0.001114426995627582","0.001114426995627582","0.001114426995627582","0.0029541831463575363","0.0029541831463575363","0.0029541831463575363","0.0010113033931702375","0.0010113033931702375","0.0010113033931702375","0.005054744891822338","0.005054744891822338","0.005054744891822338","0.002594412537291646","0.002594412537291646","0.002594412537291646","0.007356880698353052","0.007356880698353052","0.007356880698353052"
"187","0.002051216783002019","0.002051216783002019","0.002051216783002019","0.001947646727785468","0.001947646727785468","0.001947646727785468","0.0008917291415855289","0.0008917291415855289","0.0008917291415855289","0.00040067758527584374","0.00040067758527584374","0.00040067758527584374","0.0016915403539314866","0.0016915403539314866","0.0016915403539314866","0.0017798448679968715","0.0017798448679968715","0.0017798448679968715","0.005561373196542263","0.005561373196542263","0.005561373196542263","0.00573774054646492","0.00573774054646492","0.00573774054646492"
"198","0.0007897079922258854","0.0007897079922258854","0.0007897079922258854","0.0038224556483328342","0.0038224556483328342","0.0038224556483328342","0.0050112283788621426","0.0050112283788621426","0.0050112283788621426","0.0015077528078109026","0.0015077528078109026","0.0015077528078109026","0.0009040799923241138","0.0009040799923241138","0.0009040799923241138","0.0014515749644488096","0.0014515749644488096","0.0014515749644488096","0.0024754907935857773","0.0024754907935857773","0.0024754907935857773","0.005717286840081215","0.005717286840081215","0.005717286840081215"
"209","0.0011747058015316725","0.0011747058015316725","0.0011747058015316725","0.003871726803481579","0.003871726803481579","0.003871726803481579","0.002986807841807604","0.002986807841807604","0.002986807841807604","0.003254121169447899","0.003254121169447899","0.003254121169447899","0.0009607030660845339","0.0009607030660845339","0.0009607030660845339","0.0010045785456895828","0.0010045785456895828","0.0010045785456895828","0.0032011799048632383","0.0032011799048632383","0.0032011799048632383","0.007937399670481682","0.007937399670481682","0.007937399670481682"
"220","0.007444232236593962","0.007444232236593962","0.007444232236593962","0.005227940622717142","0.005227940622717142","0.005227940622717142","0.0018406364833936095","0.0018406364833936095","0.0018406364833936095","0.0028509721159934998","0.0028509721159934998","0.0028509721159934998","0.0024291598238050938","0.0024291598238050938","0.0024291598238050938","0.0005317853065207601","0.0005317853065207601","0.0005317853065207601","0.005865643732249737","0.005865643732249737","0.005865643732249737","0.00911522377282381","0.00911522377282381","0.00911522377282381"
"231","0.0025024099741131067","0.0025024099741131067","0.0025024099741131067","0.003024786477908492","0.003024786477908492","0.003024786477908492","0.0007177101797424257","0.0007177101797424257","0.0007177101797424257","0.0013866412919014692","0.0013866412919014692","0.0013866412919014692","0.001819484168663621","0.001819484168663621","0.001819484168663621","0.0020090932957828045","0.0020090932957828045","0.0020090932957828045","0.003443529363721609","0.003443529363721609","0.003443529363721609","0.012746253982186317","0.012746253982186317","0.012746253982186317"
"242","0.0028526366222649813","0.0028526366222649813","0.0028526366222649813","0.0013331451918929815","0.0013331451918929815","0.0013331451918929815","0.0006954048876650631","0.0006954048876650631","0.0006954048876650631","0.0031831616070121527","0.0031831616070121527","0.0031831616070121527","0.0016117459163069725","0.0016117459163069725","0.0016117459163069725","0.0022974000312387943","0.0022974000312387943","0.0022974000312387943","0.0040661972016096115","0.0040661972016096115","0.0040661972016096115","0.00238091335631907","0.00238091335631907","0.00238091335631907"
"253","0.001640960923396051","0.001640960923396051","0.001640960923396051","0.001173457712866366","0.001173457712866366","0.001173457712866366","0.0014031704049557447","0.0014031704049557447","0.0014031704049557447","0.0012067699572071433","0.0012067699572071433","0.0012067699572071433","0.0010241607669740915","0.0010241607669740915","0.0010241607669740915","0.0035580473486334085","0.0035580473486334085","0.0035580473486334085","0.0012983045307919383","0.0012983045307919383","0.0012983045307919383","0.0033716396428644657","0.0033716396428644657","0.0033716396428644657"
"264","0.003203570144250989","0.003203570144250989","0.003203570144250989","0.0006214111344888806","0.0006214111344888806","0.0006214111344888806","0.0008676436264067888","0.0008676436264067888","0.0008676436264067888","0.0008414932526648045","0.0008414932526648045","0.0008414932526648045","0.00047192166675813496","0.00047192166675813496","0.00047192166675813496","0.002790137892588973","0.002790137892588973","0.002790137892588973","0.0013354533584788442","0.0013354533584788442","0.0013354533584788442","0.003359491704031825","0.003359491704031825","0.003359491704031825"
"275","0.0005601502489298582","0.0005601502489298582","0.0005601502489298582","0.002159982919692993","0.002159982919692993","0.002159982919692993","0.00010292010119883344","0.00010292010119883344","0.00010292010119883344","0.0008092990610748529","0.0008092990610748529","0.0008092990610748529","0.007275375071913004","0.007275375071913004","0.007275375071913004","0.003629448590800166","0.003629448590800166","0.003629448590800166","0.003545677289366722","0.003545677289366722","0.003545677289366722","0.012804984115064144","0.012804984115064144","0.012804984115064144"
"286","0.002040640451014042","0.002040640451014042","0.002040640451014042","0.0009525584755465388","0.0009525584755465388","0.0009525584755465388","0.0007015278097242117","0.0007015278097242117","0.0007015278097242117","0.001262392965145409","0.001262392965145409","0.001262392965145409","0.0034140506759285927","0.0034140506759285927","0.0034140506759285927","0.00021487943013198674","0.00021487943013198674","0.00021487943013198674","0.0036863679997622967","0.0036863679997622967","0.0036863679997622967","0.001537100994028151","0.001537100994028151","0.001537100994028151"
"297","0.0010662833228707314","0.0010662833228707314","0.0010662833228707314","0.0017654428957030177","0.0017654428957030177","0.0017654428957030177","0.0003752520424313843","0.0003752520424313843","0.0003752520424313843","0.0011763429502025247","0.0011763429502025247","0.0011763429502025247","0.003419899381697178","0.003419899381697178","0.003419899381697178","0.00227711396291852","0.00227711396291852","0.00227711396291852","0.001000399817712605","0.001000399817712605","0.001000399817712605","0.0015048137865960598","0.0015048137865960598","0.0015048137865960598"
"308","0.00047054613241925836","0.00047054613241925836","0.00047054613241925836","0.00026794191217049956","0.00026794191217049956","0.00026794191217049956","0.0004142110701650381","0.0004142110701650381","0.0004142110701650381","0.0009313320042565465","0.0009313320042565465","0.0009313320042565465","0.0014200428267940879","0.0014200428267940879","0.0014200428267940879","0.0005726232775487006","0.0005726232775487006","0.0005726232775487006","0.005063383840024471","0.005063383840024471","0.005063383840024471","0.022737037390470505","0.022737037390470505","0.022737037390470505"
"319","0.000646192638669163","0.000646192638669163","0.000646192638669163","0.0012969899689778686","0.0012969899689778686","0.0012969899689778686","0.00043790385825559497","0.00043790385825559497","0.00043790385825559497","0.0003452958189882338","0.0003452958189882338","0.0003452958189882338","0.0006484520272351801","0.0006484520272351801","0.0006484520272351801","0.0028163327369838953","0.0028163327369838953","0.0028163327369838953","0.0019440457690507174","0.0019440457690507174","0.0019440457690507174","0.0017388074193149805","0.0017388074193149805","0.0017388074193149805"
"330","0.0013982487143948674","0.0013982487143948674","0.0013982487143948674","0.002797983353957534","0.002797983353957534","0.002797983353957534","0.0006623995723202825","0.0006623995723202825","0.0006623995723202825","0.0005376674816943705","0.0005376674816943705","0.0005376674816943705","0.0008846878772601485","0.0008846878772601485","0.0008846878772601485","0.00026048830477520823","0.00026048830477520823","0.00026048830477520823","0.000919759797398001","0.000919759797398001","0.000919759797398001","0.007754850666970015","0.007754850666970015","0.007754850666970015"
"341","0.00015641044592484832","0.00015641044592484832","0.00015641044592484832","0.00013198144733905792","0.00013198144733905792","0.00013198144733905792","0.0005330992862582207","0.0005330992862582207","0.0005330992862582207","0.001825244165956974","0.001825244165956974","0.001825244165956974","0.003178548999130726","0.003178548999130726","0.003178548999130726","0.00024936365662142634","0.00024936365662142634","0.00024936365662142634","0.0009204195230267942","0.0009204195230267942","0.0009204195230267942","0.003281607525423169","0.003281607525423169","0.003281607525423169"
"352","0.0006390634807758033","0.0006390634807758033","0.0006390634807758033","0.0020588471088558435","0.0020588471088558435","0.0020588471088558435","0.00017662426398601383","0.00017662426398601383","0.00017662426398601383","0.0003659987705759704","0.0003659987705759704","0.0003659987705759704","0.0015548509545624256","0.0015548509545624256","0.0015548509545624256","0.0005811814917251468","0.0005811814917251468","0.0005811814917251468","0.0009853485971689224","0.0009853485971689224","0.0009853485971689224","0.000362321559805423","0.000362321559805423","0.000362321559805423"
"363","0.0009025412146002054","0.0009025412146002054","0.0009025412146002054","0.001354268635623157","0.001354268635623157","0.001354268635623157","0.0010304661700502038","0.0010304661700502038","0.0010304661700502038","0.0006752993795089424","0.0006752993795089424","0.0006752993795089424","0.0004229352343827486","0.0004229352343827486","0.0004229352343827486","0.0015649923589080572","0.0015649923589080572","0.0015649923589080572","0.0020304007921367884","0.0020304007921367884","0.0020304007921367884","0.0011552067007869482","0.0011552067007869482","0.0011552067007869482"
"374","0.0016517951153218746","0.0016517951153218746","0.0016517951153218746","0.00028106317040510476","0.00028106317040510476","0.00028106317040510476","0.00008281785994768143","0.00008281785994768143","0.00008281785994768143","0.00095801439601928","0.00095801439601928","0.00095801439601928","0.001171017880551517","0.001171017880551517","0.001171017880551517","0.0006596620078198612","0.0006596620078198612","0.0006596620078198612","0.004092685412615538","0.004092685412615538","0.004092685412615538","0.003691231831908226","0.003691231831908226","0.003691231831908226"
"385","0.0003187724214512855","0.0003187724214512855","0.0003187724214512855","0.0010778439464047551","0.0010778439464047551","0.0010778439464047551","0.00016658476670272648","0.00016658476670272648","0.00016658476670272648","0.0004179088573437184","0.0004179088573437184","0.0004179088573437184","0.0006488775834441185","0.0006488775834441185","0.0006488775834441185","0.0005305892555043101","0.0005305892555043101","0.0005305892555043101","0.004306747578084469","0.004306747578084469","0.004306747578084469","0.004379965364933014","0.004379965364933014","0.004379965364933014"
"396","0.0003100489266216755","0.0003100489266216755","0.0003100489266216755","0.0015207077376544476","0.0015207077376544476","0.0015207077376544476","0.00012468591739889234","0.00012468591739889234","0.00012468591739889234","0.00024627905804663897","0.00024627905804663897","0.00024627905804663897","0.00042391702299937606","0.00042391702299937606","0.00042391702299937606","0.0008384155225940049","0.0008384155225940049","0.0008384155225940049","0.001254421193152666","0.001254421193152666","0.001254421193152666","0.0043416703119874","0.0043416703119874","0.0043416703119874"
"407","0.0005576540133915842","0.0005576540133915842","0.0005576540133915842","0.0002815485931932926","0.0002815485931932926","0.0002815485931932926","0.0013651130720973015","0.0013651130720973015","0.0013651130720973015","0.00003665780241135508","0.00003665780241135508","0.00003665780241135508","0.0004976089112460613","0.0004976089112460613","0.0004976089112460613","0.0002926581655628979","0.0002926581655628979","0.0002926581655628979","0.0009044379694387317","0.0009044379694387317","0.0009044379694387317","0.0025006383657455444","0.0025006383657455444","0.0025006383657455444"
"418","0.00014355427992995828","0.00014355427992995828","0.00014355427992995828","0.0005740829510614276","0.0005740829510614276","0.0005740829510614276","0.0006947495858184993","0.0006947495858184993","0.0006947495858184993","0.000919212878216058","0.000919212878216058","0.000919212878216058","0.0004023356596007943","0.0004023356596007943","0.0004023356596007943","0.000514614803250879","0.000514614803250879","0.000514614803250879","0.0029519526287913322","0.0029519526287913322","0.0029519526287913322","0.010185091756284237","0.010185091756284237","0.010185091756284237"
"429","0.0001521118829259649","0.0001521118829259649","0.0001521118829259649","0.0010280848946422338","0.0010280848946422338","0.0010280848946422338","0.0002977311669383198","0.0002977311669383198","0.0002977311669383198","0.0005113894585520029","0.0005113894585520029","0.0005113894585520029","0.00036215095315128565","0.00036215095315128565","0.00036215095315128565","0.0004572501638904214","0.0004572501638904214","0.0004572501638904214","0.0007019030745141208","0.0007019030745141208","0.0007019030745141208","0.00044409482507035136","0.00044409482507035136","0.00044409482507035136"
"440","0.00023391810827888548","0.00023391810827888548","0.00023391810827888548","0.000303378765238449","0.000303378765238449","0.000303378765238449","0.0021197483874857426","0.0021197483874857426","0.0021197483874857426","0.00032642282894812524","0.00032642282894812524","0.00032642282894812524","0.00014191665104590356","0.00014191665104590356","0.00014191665104590356","0.0012405463494360447","0.0012405463494360447","0.0012405463494360447","0.003417057916522026","0.003417057916522026","0.003417057916522026","0.006049952935427427","0.006049952935427427","0.006049952935427427"
"451","0.0054999724961817265","0.0054999724961817265","0.0054999724961817265","0.0001298507850151509","0.0001298507850151509","0.0001298507850151509","0.001142796128988266","0.001142796128988266","0.001142796128988266","0.000987619161605835","0.000987619161605835","0.000987619161605835","0.0002451615873724222","0.0002451615873724222","0.0002451615873724222","0.00006453317473642528","0.00006453317473642528","0.00006453317473642528","0.0011074033100157976","0.0011074033100157976","0.0011074033100157976","0.010195156559348106","0.010195156559348106","0.010195156559348106"
"462","0.00030394698842428625","0.00030394698842428625","0.00030394698842428625","0.0003702424291986972","0.0003702424291986972","0.0003702424291986972","0.00033668914693407714","0.00033668914693407714","0.00033668914693407714","0.00017343634681310505","0.00017343634681310505","0.00017343634681310505","0.000731651671230793","0.000731651671230793","0.000731651671230793","0.0004181109252385795","0.0004181109252385795","0.0004181109252385795","0.0008962221909314394","0.0008962221909314394","0.0008962221909314394","0.016592305153608322","0.016592305153608322","0.016592305153608322"
"473","0.00009938076254911721","0.00009938076254911721","0.00009938076254911721","0.00025366630870848894","0.00025366630870848894","0.00025366630870848894","0.00029831472784280777","0.00029831472784280777","0.00029831472784280777","0.004122636746615171","0.004122636746615171","0.004122636746615171","0.0004235682135913521","0.0004235682135913521","0.0004235682135913521","0.0010296975960955024","0.0010296975960955024","0.0010296975960955024","0.0025712272617965937","0.0025712272617965937","0.0025712272617965937","0.011972679756581783","0.011972679756581783","0.011972679756581783"
"484","0.00038596626836806536","0.00038596626836806536","0.00038596626836806536","0.000576453865505755","0.000576453865505755","0.000576453865505755","0.000545891176443547","0.000545891176443547","0.000545891176443547","0.0005618249997496605","0.0005618249997496605","0.0005618249997496605","0.00006448468775488436","0.00006448468775488436","0.00006448468775488436","0.0001524524559499696","0.0001524524559499696","0.0001524524559499696","0.005446522030979395","0.005446522030979395","0.005446522030979395","0.0015468362253159285","0.0015468362253159285","0.0015468362253159285"
"495","0.000029140370315872133","0.000029140370315872133","0.000029140370315872133","0.0003525055944919586","0.0003525055944919586","0.0003525055944919586","0.000580394291318953","0.000580394291318953","0.000580394291318953","0.00008835970220388845","0.00008835970220388845","0.00008835970220388845","0.0022765938192605972","0.0022765938192605972","0.0022765938192605972","0.00026281061582267284","0.00026281061582267284","0.00026281061582267284","0.0026735265273600817","0.0026735265273600817","0.0026735265273600817","0.013541779480874538","0.013541779480874538","0.013541779480874538"
"506","0.00043233425822108984","0.00043233425822108984","0.00043233425822108984","0.0007068642298690975","0.0007068642298690975","0.0007068642298690975","0.0004196185909677297","0.0004196185909677297","0.0004196185909677297","0.00011953712237300351","0.00011953712237300351","0.00011953712237300351","0.0007850435795262456","0.0007850435795262456","0.0007850435795262456","0.0005579014541581273","0.0005579014541581273","0.0005579014541581273","0.0022047951351851225","0.0022047951351851225","0.0022047951351851225","0.0037122266367077827","0.0037122266367077827","0.0037122266367077827"
"517","0.00038868014235049486","0.00038868014235049486","0.00038868014235049486","0.00016580562805756927","0.00016580562805756927","0.00016580562805756927","0.0001305469049839303","0.0001305469049839303","0.0001305469049839303","0.00018795003416016698","0.00018795003416016698","0.00018795003416016698","0.002702930476516485","0.002702930476516485","0.002702930476516485","0.00017412622401025146","0.00017412622401025146","0.00017412622401025146","0.002454891800880432","0.002454891800880432","0.002454891800880432","0.007063174154609442","0.007063174154609442","0.007063174154609442"
"528","0.00022274651564657688","0.00022274651564657688","0.00022274651564657688","0.00014912764891050756","0.00014912764891050756","0.00014912764891050756","0.0006731117609888315","0.0006731117609888315","0.0006731117609888315","0.00007212168566184118","0.00007212168566184118","0.00007212168566184118","0.0023268740624189377","0.0023268740624189377","0.0023268740624189377","0.0002881615946535021","0.0002881615946535021","0.0002881615946535021","0.0012851795181632042","0.0012851795181632042","0.0012851795181632042","0.004299764987081289","0.004299764987081289","0.004299764987081289"
"539","0.00007712200022069737","0.00007712200022069737","0.00007712200022069737","0.0001308226492255926","0.0001308226492255926","0.0001308226492255926","0.0003680701775010675","0.0003680701775010675","0.0003680701775010675","0.0001821888581616804","0.0001821888581616804","0.0001821888581616804","0.00023852515732869506","0.00023852515732869506","0.00023852515732869506","0.00032354003633372486","0.00032354003633372486","0.00032354003633372486","0.0003690143639687449","0.0003690143639687449","0.0003690143639687449","0.0026989546604454517","0.0026989546604454517","0.0026989546604454517"
"550","0.0002858168154489249","0.0002858168154489249","0.0002858168154489249","0.00020886037964373827","0.00020886037964373827","0.00020886037964373827","0.00004494155291467905","0.00004494155291467905","0.00004494155291467905","0.0012819906696677208","0.0012819906696677208","0.0012819906696677208","0.0003055205743294209","0.0003055205743294209","0.0003055205743294209","0.00002613121432659682","0.00002613121432659682","0.00002613121432659682","0.0012632280122488737","0.0012632280122488737","0.0012632280122488737","0.007468626834452152","0.007468626834452152","0.007468626834452152"