"Step","1e-3NoWeightdecay(test1) - MSE/Host_spread/Switches","1e-3NoWeightdecay(test1) - MSE/Host_spread/Switches__MIN","1e-3NoWeightdecay(test1) - MSE/Host_spread/Switches__MAX","1e-3noWarmUP - MSE/Host_spread/Switches","1e-3noWarmUP - MSE/Host_spread/Switches__MIN","1e-3noWarmUP - MSE/Host_spread/Switches__MAX","5e-4NoWeightdecay - MSE/Host_spread/Switches","5e-4NoWeightdecay - MSE/Host_spread/Switches__MIN","5e-4NoWeightdecay - MSE/Host_spread/Switches__MAX","1e-3withScheduler - MSE/Host_spread/Switches","1e-3withScheduler - MSE/Host_spread/Switches__MIN","1e-3withScheduler - MSE/Host_spread/Switches__MAX","5e-4withScheduler - MSE/Host_spread/Switches","5e-4withScheduler - MSE/Host_spread/Switches__MIN","5e-4withScheduler - MSE/Host_spread/Switches__MAX","1e-3MSELoss - MSE/Host_spread/Switches","1e-3MSELoss - MSE/Host_spread/Switches__MIN","1e-3MSELoss - MSE/Host_spread/Switches__MAX","1e-4NoWeightdecay - MSE/Host_spread/Switches","1e-4NoWeightdecay - MSE/Host_spread/Switches__MIN","1e-4NoWeightdecay - MSE/Host_spread/Switches__MAX","5e-3withScheduler - MSE/Host_spread/Switches","5e-3withScheduler - MSE/Host_spread/Switches__MIN","5e-3withScheduler - MSE/Host_spread/Switches__MAX"
"1","0.16819003224372864","0.16819003224372864","0.16819003224372864","0.0015142395859584212","0.0015142395859584212","0.0015142395859584212","0.2553234100341797","0.2553234100341797","0.2553234100341797","0.27397802472114563","0.27397802472114563","0.27397802472114563","0.21368247270584106","0.21368247270584106","0.21368247270584106","0.19556459784507751","0.19556459784507751","0.19556459784507751","0.20678679645061493","0.20678679645061493","0.20678679645061493","0.2499147653579712","0.2499147653579712","0.2499147653579712"
"11","0.00046497402945533395","0.00046497402945533395","0.00046497402945533395","0.0002535557432565838","0.0002535557432565838","0.0002535557432565838","0.008325546979904175","0.008325546979904175","0.008325546979904175","0.0002947806497104466","0.0002947806497104466","0.0002947806497104466","0.008168242871761322","0.008168242871761322","0.008168242871761322","0.0004021315253339708","0.0004021315253339708","0.0004021315253339708","0.09981018304824829","0.09981018304824829","0.09981018304824829","0.0006594618316739798","0.0006594618316739798","0.0006594618316739798"
"22","0.001374055864289403","0.001374055864289403","0.001374055864289403","0.0006769255269318819","0.0006769255269318819","0.0006769255269318819","0.00037685013376176357","0.00037685013376176357","0.00037685013376176357","0.00014283521159086376","0.00014283521159086376","0.00014283521159086376","0.0005420107045210898","0.0005420107045210898","0.0005420107045210898","0.000157988746650517","0.000157988746650517","0.000157988746650517","0.004100651480257511","0.004100651480257511","0.004100651480257511","0.0005153661477379501","0.0005153661477379501","0.0005153661477379501"
"33","0.0003044737677555531","0.0003044737677555531","0.0003044737677555531","0.00009158039756584913","0.00009158039756584913","0.00009158039756584913","0.004111135844141245","0.004111135844141245","0.004111135844141245","0.00023498610244132578","0.00023498610244132578","0.00023498610244132578","0.0003836510586552322","0.0003836510586552322","0.0003836510586552322","0.00031140900682657957","0.00031140900682657957","0.00031140900682657957","0.0011662689503282309","0.0011662689503282309","0.0011662689503282309","0.00009810113988351077","0.00009810113988351077","0.00009810113988351077"
"44","0.0001958537905011326","0.0001958537905011326","0.0001958537905011326","0.004055399913340807","0.004055399913340807","0.004055399913340807","0.00018293477478437126","0.00018293477478437126","0.00018293477478437126","0.0004038433253299445","0.0004038433253299445","0.0004038433253299445","0.0001759910664986819","0.0001759910664986819","0.0001759910664986819","0.00025542700313962996","0.00025542700313962996","0.00025542700313962996","0.00045115381362847984","0.00045115381362847984","0.00045115381362847984","0.000028250615287106484","0.000028250615287106484","0.000028250615287106484"
"55","0.000027977406716672704","0.000027977406716672704","0.000027977406716672704","0.00024790456518530846","0.00024790456518530846","0.00024790456518530846","0.00030492013320326805","0.00030492013320326805","0.00030492013320326805","0.00030004180734977126","0.00030004180734977126","0.00030004180734977126","0.0005544007290154696","0.0005544007290154696","0.0005544007290154696","0.00015644729137420654","0.00015644729137420654","0.00015644729137420654","0.0007013801950961351","0.0007013801950961351","0.0007013801950961351","0.0002554706879891455","0.0002554706879891455","0.0002554706879891455"
"66","0.00021772310719825327","0.00021772310719825327","0.00021772310719825327","0.000025683550120447762","0.000025683550120447762","0.000025683550120447762","0.0001741440501064062","0.0001741440501064062","0.0001741440501064062","0.0003227602574042976","0.0003227602574042976","0.0003227602574042976","0.0002658385201357305","0.0002658385201357305","0.0002658385201357305","0.00017403671517968178","0.00017403671517968178","0.00017403671517968178","0.00010648179886629805","0.00010648179886629805","0.00010648179886629805","0.0006618823390454054","0.0006618823390454054","0.0006618823390454054"
"77","0.0014871249441057444","0.0014871249441057444","0.0014871249441057444","0.00014780700439587235","0.00014780700439587235","0.00014780700439587235","0.0002231932885479182","0.0002231932885479182","0.0002231932885479182","0.00018536725838202983","0.00018536725838202983","0.00018536725838202983","0.0001665427553234622","0.0001665427553234622","0.0001665427553234622","0.003885061014443636","0.003885061014443636","0.003885061014443636","0.00025040737818926573","0.00025040737818926573","0.00025040737818926573","0.0005565276951529086","0.0005565276951529086","0.0005565276951529086"
"88","0.00015254509344231337","0.00015254509344231337","0.00015254509344231337","0.0004171790787950158","0.0004171790787950158","0.0004171790787950158","0.00016283408331219107","0.00016283408331219107","0.00016283408331219107","0.00039202944026328623","0.00039202944026328623","0.00039202944026328623","0.00035687602940015495","0.00035687602940015495","0.00035687602940015495","0.0009141856571659446","0.0009141856571659446","0.0009141856571659446","0.000043875279516214505","0.000043875279516214505","0.000043875279516214505","0.00015290608280338347","0.00015290608280338347","0.00015290608280338347"
"99","0.00009288006549468264","0.00009288006549468264","0.00009288006549468264","0.0004029017291031778","0.0004029017291031778","0.0004029017291031778","0.0001512060989625752","0.0001512060989625752","0.0001512060989625752","0.00008874940249370411","0.00008874940249370411","0.00008874940249370411","0.0028233376797288656","0.0028233376797288656","0.0028233376797288656","0.00029592824284918606","0.00029592824284918606","0.00029592824284918606","0.00019467623496893793","0.00019467623496893793","0.00019467623496893793","0.00033023295691236854","0.00033023295691236854","0.00033023295691236854"
"110","0.0005325189558789134","0.0005325189558789134","0.0005325189558789134","0.00005265432992018759","0.00005265432992018759","0.00005265432992018759","0.0005381244700402021","0.0005381244700402021","0.0005381244700402021","0.0002590404183138162","0.0002590404183138162","0.0002590404183138162","0.00016929041885305196","0.00016929041885305196","0.00016929041885305196","0.0012085052439942956","0.0012085052439942956","0.0012085052439942956","0.004094018135219812","0.004094018135219812","0.004094018135219812","0.00040954601718112826","0.00040954601718112826","0.00040954601718112826"
"121","0.0002469572937116027","0.0002469572937116027","0.0002469572937116027","0.0004565043200273067","0.0004565043200273067","0.0004565043200273067","0.000036530727811623365","0.000036530727811623365","0.000036530727811623365","0.0010716321412473917","0.0010716321412473917","0.0010716321412473917","0.0008699841564521194","0.0008699841564521194","0.0008699841564521194","0.0002237349544884637","0.0002237349544884637","0.0002237349544884637","0.00012079028965672478","0.00012079028965672478","0.00012079028965672478","0.00001441641325072851","0.00001441641325072851","0.00001441641325072851"
"132","0.0001551876193843782","0.0001551876193843782","0.0001551876193843782","0.0004251492500770837","0.0004251492500770837","0.0004251492500770837","0.0001889355480670929","0.0001889355480670929","0.0001889355480670929","0.0000744689314160496","0.0000744689314160496","0.0000744689314160496","0.0003679466899484396","0.0003679466899484396","0.0003679466899484396","0.00013547347043640912","0.00013547347043640912","0.00013547347043640912","0.0001255104289157316","0.0001255104289157316","0.0001255104289157316","0.00020822207443416119","0.00020822207443416119","0.00020822207443416119"
"143","0.0005185090703889728","0.0005185090703889728","0.0005185090703889728","0.0006920542218722403","0.0006920542218722403","0.0006920542218722403","0.00046104023931548","0.00046104023931548","0.00046104023931548","0.00011668393563013524","0.00011668393563013524","0.00011668393563013524","0.0003385711752343923","0.0003385711752343923","0.0003385711752343923","0.00024179727188311517","0.00024179727188311517","0.00024179727188311517","0.0000721578107913956","0.0000721578107913956","0.0000721578107913956","0.00026460434310138226","0.00026460434310138226","0.00026460434310138226"
"154","0.00022664584685117006","0.00022664584685117006","0.00022664584685117006","0.00011468753655208275","0.00011468753655208275","0.00011468753655208275","0.000246515468461439","0.000246515468461439","0.000246515468461439","0.00007586964056827128","0.00007586964056827128","0.00007586964056827128","0.0011418196372687817","0.0011418196372687817","0.0011418196372687817","0.00020571696222759783","0.00020571696222759783","0.00020571696222759783","0.00010108587594004348","0.00010108587594004348","0.00010108587594004348","0.00005537423203350045","0.00005537423203350045","0.00005537423203350045"
"165","0.002137652598321438","0.002137652598321438","0.002137652598321438","0.00040942279156297445","0.00040942279156297445","0.00040942279156297445","0.0019084584200754762","0.0019084584200754762","0.0019084584200754762","0.001122856279835105","0.001122856279835105","0.001122856279835105","0.0004339984152466059","0.0004339984152466059","0.0004339984152466059","0.00033079239074140787","0.00033079239074140787","0.00033079239074140787","0.004629930946975946","0.004629930946975946","0.004629930946975946","0.00012090789823560044","0.00012090789823560044","0.00012090789823560044"
"176","0.0002453415945637971","0.0002453415945637971","0.0002453415945637971","0.00023689967929385602","0.00023689967929385602","0.00023689967929385602","0.00015592364070471376","0.00015592364070471376","0.00015592364070471376","0.00012720786617137492","0.00012720786617137492","0.00012720786617137492","0.0008076030062511563","0.0008076030062511563","0.0008076030062511563","0.0008769389241933823","0.0008769389241933823","0.0008769389241933823","0.00009176485036732629","0.00009176485036732629","0.00009176485036732629","0.00031700049294158816","0.00031700049294158816","0.00031700049294158816"
"187","0.0001403167116222903","0.0001403167116222903","0.0001403167116222903","0.00022337815607897937","0.00022337815607897937","0.00022337815607897937","0.00018298988288734108","0.00018298988288734108","0.00018298988288734108","0.00015887187328189611","0.00015887187328189611","0.00015887187328189611","0.00022640859242528677","0.00022640859242528677","0.00022640859242528677","0.0008959866827353835","0.0008959866827353835","0.0008959866827353835","0.0003497005091048777","0.0003497005091048777","0.0003497005091048777","0.0004560922388918698","0.0004560922388918698","0.0004560922388918698"
"198","0.00009323039557784796","0.00009323039557784796","0.00009323039557784796","0.00008673268894199282","0.00008673268894199282","0.00008673268894199282","0.00020018688519485295","0.00020018688519485295","0.00020018688519485295","0.00010541635856498033","0.00010541635856498033","0.00010541635856498033","0.0003106101357843727","0.0003106101357843727","0.0003106101357843727","0.00010418441524961963","0.00010418441524961963","0.00010418441524961963","0.0006952768308110535","0.0006952768308110535","0.0006952768308110535","0.0007968100253492594","0.0007968100253492594","0.0007968100253492594"
"209","0.0003295570204500109","0.0003295570204500109","0.0003295570204500109","0.00033931079087778926","0.00033931079087778926","0.00033931079087778926","0.00010418041347293183","0.00010418041347293183","0.00010418041347293183","0.00016539172793272883","0.00016539172793272883","0.00016539172793272883","0.0003069127560593188","0.0003069127560593188","0.0003069127560593188","0.000019107552361674607","0.000019107552361674607","0.000019107552361674607","0.0010716000106185675","0.0010716000106185675","0.0010716000106185675","0.0002977440017275512","0.0002977440017275512","0.0002977440017275512"
"220","0.0010356418788433075","0.0010356418788433075","0.0010356418788433075","0.00005258315650280565","0.00005258315650280565","0.00005258315650280565","0.00011194075341336429","0.00011194075341336429","0.00011194075341336429","0.002388203050941229","0.002388203050941229","0.002388203050941229","0.0005929681356064975","0.0005929681356064975","0.0005929681356064975","0.0003839908167719841","0.0003839908167719841","0.0003839908167719841","0.0005435423809103668","0.0005435423809103668","0.0005435423809103668","0.0006737950025126338","0.0006737950025126338","0.0006737950025126338"
"231","0.00049157056491822","0.00049157056491822","0.00049157056491822","0.000511564314365387","0.000511564314365387","0.000511564314365387","0.00019271482597105205","0.00019271482597105205","0.00019271482597105205","0.0009542626794427633","0.0009542626794427633","0.0009542626794427633","0.0007832861156202853","0.0007832861156202853","0.0007832861156202853","0.000154032779391855","0.000154032779391855","0.000154032779391855","0.00015757903747726232","0.00015757903747726232","0.00015757903747726232","0.00022151671873871237","0.00022151671873871237","0.00022151671873871237"
"242","0.000123401012388058","0.000123401012388058","0.000123401012388058","0.00040417752461507916","0.00040417752461507916","0.00040417752461507916","0.0000516581567353569","0.0000516581567353569","0.0000516581567353569","0.0003311085165478289","0.0003311085165478289","0.0003311085165478289","0.00009681889787316322","0.00009681889787316322","0.00009681889787316322","0.0005433591431938112","0.0005433591431938112","0.0005433591431938112","0.00021484711032826453","0.00021484711032826453","0.00021484711032826453","0.0005695677828043699","0.0005695677828043699","0.0005695677828043699"
"253","0.001108381082303822","0.001108381082303822","0.001108381082303822","0.00004482505755731836","0.00004482505755731836","0.00004482505755731836","0.0008123133447952569","0.0008123133447952569","0.0008123133447952569","0.0005878494121134281","0.0005878494121134281","0.0005878494121134281","0.00040971420821733773","0.00040971420821733773","0.00040971420821733773","0.0005251273978501558","0.0005251273978501558","0.0005251273978501558","0.00043874362017959356","0.00043874362017959356","0.00043874362017959356","0.00025190721498802304","0.00025190721498802304","0.00025190721498802304"
"264","0.0008434657356701791","0.0008434657356701791","0.0008434657356701791","0.00023724112543277442","0.00023724112543277442","0.00023724112543277442","0.00003887907587341033","0.00003887907587341033","0.00003887907587341033","0.0001235550153069198","0.0001235550153069198","0.0001235550153069198","0.00018317378999199718","0.00018317378999199718","0.00018317378999199718","0.0008428837172687054","0.0008428837172687054","0.0008428837172687054","0.00008434403571300209","0.00008434403571300209","0.00008434403571300209","0.0013362341560423374","0.0013362341560423374","0.0013362341560423374"
"275","0.000740452844183892","0.000740452844183892","0.000740452844183892","0.00033997310674749315","0.00033997310674749315","0.00033997310674749315","0.00003397381806280464","0.00003397381806280464","0.00003397381806280464","0.00023535703076049685","0.00023535703076049685","0.00023535703076049685","0.0008192100212909281","0.0008192100212909281","0.0008192100212909281","0.00008864709525369108","0.00008864709525369108","0.00008864709525369108","0.0000808655604487285","0.0000808655604487285","0.0000808655604487285","0.002989171538501978","0.002989171538501978","0.002989171538501978"
"286","0.000677098985761404","0.000677098985761404","0.000677098985761404","0.00018985540373250842","0.00018985540373250842","0.00018985540373250842","0.00017960644618142396","0.00017960644618142396","0.00017960644618142396","0.00008564208837924525","0.00008564208837924525","0.00008564208837924525","0.0003069392987526953","0.0003069392987526953","0.0003069392987526953","0.0014815059257671237","0.0014815059257671237","0.0014815059257671237","0.00034870501258410513","0.00034870501258410513","0.00034870501258410513","0.00034582195803523064","0.00034582195803523064","0.00034582195803523064"
"297","0.0005539407720789313","0.0005539407720789313","0.0005539407720789313","0.000217287233681418","0.000217287233681418","0.000217287233681418","0.0002111305802827701","0.0002111305802827701","0.0002111305802827701","0.00009137268352787942","0.00009137268352787942","0.00009137268352787942","0.0007331388187594712","0.0007331388187594712","0.0007331388187594712","0.0003736215003300458","0.0003736215003300458","0.0003736215003300458","0.00016657324158586562","0.00016657324158586562","0.00016657324158586562","0.0002589636424090713","0.0002589636424090713","0.0002589636424090713"
"308","0.00011579236161196604","0.00011579236161196604","0.00011579236161196604","0.00015641124628018588","0.00015641124628018588","0.00015641124628018588","0.00033400539541617036","0.00033400539541617036","0.00033400539541617036","0.00012524763587862253","0.00012524763587862253","0.00012524763587862253","0.00014878239016979933","0.00014878239016979933","0.00014878239016979933","0.0004931297153234482","0.0004931297153234482","0.0004931297153234482","0.00022093646111898124","0.00022093646111898124","0.00022093646111898124","0.00015482405433431268","0.00015482405433431268","0.00015482405433431268"
"319","0.0003094162093475461","0.0003094162093475461","0.0003094162093475461","0.0001627666933927685","0.0001627666933927685","0.0001627666933927685","0.00028300299891270697","0.00028300299891270697","0.00028300299891270697","0.00015995799913071096","0.00015995799913071096","0.00015995799913071096","0.00032050281879492104","0.00032050281879492104","0.00032050281879492104","0.00019193354819435626","0.00019193354819435626","0.00019193354819435626","0.000022040594558347948","0.000022040594558347948","0.000022040594558347948","0.00023195486573968083","0.00023195486573968083","0.00023195486573968083"
"330","0.00000914567044674186","0.00000914567044674186","0.00000914567044674186","0.00034984160447493196","0.00034984160447493196","0.00034984160447493196","0.0001769408117979765","0.0001769408117979765","0.0001769408117979765","0.00006856483378214762","0.00006856483378214762","0.00006856483378214762","0.0001424357178620994","0.0001424357178620994","0.0001424357178620994","0.00008354370220331475","0.00008354370220331475","0.00008354370220331475","0.00009190802666125819","0.00009190802666125819","0.00009190802666125819","0.0005449517047964036","0.0005449517047964036","0.0005449517047964036"
"341","0.0001437953469576314","0.0001437953469576314","0.0001437953469576314","0.000019947337932535447","0.000019947337932535447","0.000019947337932535447","0.00036662622005678713","0.00036662622005678713","0.00036662622005678713","0.00019398651784285903","0.00019398651784285903","0.00019398651784285903","0.00028300832491368055","0.00028300832491368055","0.00028300832491368055","0.0001630553015274927","0.0001630553015274927","0.0001630553015274927","0.00016881221381481737","0.00016881221381481737","0.00016881221381481737","0.0010451789712533355","0.0010451789712533355","0.0010451789712533355"
"352","0.0003605717502068728","0.0003605717502068728","0.0003605717502068728","0.00014972825010772794","0.00014972825010772794","0.00014972825010772794","0.00016234458598773926","0.00016234458598773926","0.00016234458598773926","0.00010104032844537869","0.00010104032844537869","0.00010104032844537869","0.00006807523459428921","0.00006807523459428921","0.00006807523459428921","0.00007063569501042366","0.00007063569501042366","0.00007063569501042366","0.00004711474321084097","0.00004711474321084097","0.00004711474321084097","0.00042502101860009134","0.00042502101860009134","0.00042502101860009134"
"363","0.00009915806003846228","0.00009915806003846228","0.00009915806003846228","0.0001783069601515308","0.0001783069601515308","0.0001783069601515308","0.00013920378114562482","0.00013920378114562482","0.00013920378114562482","0.0002947199682239443","0.0002947199682239443","0.0002947199682239443","0.0003618850896600634","0.0003618850896600634","0.0003618850896600634","0.00045491784112527966","0.00045491784112527966","0.00045491784112527966","0.0002049295580945909","0.0002049295580945909","0.0002049295580945909","0.00036933686351403594","0.00036933686351403594","0.00036933686351403594"
"374","0.00012211815919727087","0.00012211815919727087","0.00012211815919727087","0.0006084340857341886","0.0006084340857341886","0.0006084340857341886","0.00029332548729144037","0.00029332548729144037","0.00029332548729144037","0.0000521894617122598","0.0000521894617122598","0.0000521894617122598","0.00019772103405557573","0.00019772103405557573","0.00019772103405557573","0.00006604479131055996","0.00006604479131055996","0.00006604479131055996","0.00012051763769704849","0.00012051763769704849","0.00012051763769704849","0.0002828418218996376","0.0002828418218996376","0.0002828418218996376"
"385","0.000490625505335629","0.000490625505335629","0.000490625505335629","0.00012451561633497477","0.00012451561633497477","0.00012451561633497477","0.00032527936855331063","0.00032527936855331063","0.00032527936855331063","0.00023009224969428033","0.00023009224969428033","0.00023009224969428033","0.00001138908919529058","0.00001138908919529058","0.00001138908919529058","0.00030730111757293344","0.00030730111757293344","0.00030730111757293344","0.0003434986574575305","0.0003434986574575305","0.0003434986574575305","0.00038403988583013415","0.00038403988583013415","0.00038403988583013415"
"396","0.0001695654500508681","0.0001695654500508681","0.0001695654500508681","0.00035162700805813074","0.00035162700805813074","0.00035162700805813074","0.00010112683230545372","0.00010112683230545372","0.00010112683230545372","0.0001536552736070007","0.0001536552736070007","0.0001536552736070007","0.00029373072902671993","0.00029373072902671993","0.00029373072902671993","0.00014533557987306267","0.00014533557987306267","0.00014533557987306267","0.00006062433749320917","0.00006062433749320917","0.00006062433749320917","0.0022534490562975407","0.0022534490562975407","0.0022534490562975407"
"407","0.0002730632550083101","0.0002730632550083101","0.0002730632550083101","0.00004494694439927116","0.00004494694439927116","0.00004494694439927116","0.00010370315430918708","0.00010370315430918708","0.00010370315430918708","0.0002083225699607283","0.0002083225699607283","0.0002083225699607283","0.00017512838530819863","0.00017512838530819863","0.00017512838530819863","0.000015733565305708908","0.000015733565305708908","0.000015733565305708908","0.00013355721603147686","0.00013355721603147686","0.00013355721603147686","0.0004281196743249893","0.0004281196743249893","0.0004281196743249893"
"418","0.000009686178600532003","0.000009686178600532003","0.000009686178600532003","0.0001274796959478408","0.0001274796959478408","0.0001274796959478408","0.0001903697702800855","0.0001903697702800855","0.0001903697702800855","0.00013182498514652252","0.00013182498514652252","0.00013182498514652252","0.00017670271336100996","0.00017670271336100996","0.00017670271336100996","0.00018895772518590093","0.00018895772518590093","0.00018895772518590093","0.00023656320990994573","0.00023656320990994573","0.00023656320990994573","0.002715359441936016","0.002715359441936016","0.002715359441936016"
"429","0.00014450273010879755","0.00014450273010879755","0.00014450273010879755","0.00009176093590212986","0.00009176093590212986","0.00009176093590212986","0.00019586710550356656","0.00019586710550356656","0.00019586710550356656","0.00003612225555116311","0.00003612225555116311","0.00003612225555116311","0.00011276260920567438","0.00011276260920567438","0.00011276260920567438","0.00002127973857568577","0.00002127973857568577","0.00002127973857568577","0.00023879262153059244","0.00023879262153059244","0.00023879262153059244","0.0006342201377265155","0.0006342201377265155","0.0006342201377265155"
"440","0.00005643517943099141","0.00005643517943099141","0.00005643517943099141","0.000017296286387136206","0.000017296286387136206","0.000017296286387136206","0.00012216743198223412","0.00012216743198223412","0.00012216743198223412","0.00021005357848480344","0.00021005357848480344","0.00021005357848480344","0.00008148742927005515","0.00008148742927005515","0.00008148742927005515","0.00004061567233293317","0.00004061567233293317","0.00004061567233293317","0.00004753967368742451","0.00004753967368742451","0.00004753967368742451","0.00030750728910788894","0.00030750728910788894","0.00030750728910788894"
"451","0.0002066339220618829","0.0002066339220618829","0.0002066339220618829","0.0000906879868125543","0.0000906879868125543","0.0000906879868125543","0.00015380242257378995","0.00015380242257378995","0.00015380242257378995","0.0002730197738856077","0.0002730197738856077","0.0002730197738856077","0.0002854025806300342","0.0002854025806300342","0.0002854025806300342","0.00008997861732495949","0.00008997861732495949","0.00008997861732495949","0.0002496451197657734","0.0002496451197657734","0.0002496451197657734","0.000053001866035629064","0.000053001866035629064","0.000053001866035629064"
"462","0.00012655214231926948","0.00012655214231926948","0.00012655214231926948","0.0002388742141192779","0.0002388742141192779","0.0002388742141192779","0.000027928133931709453","0.000027928133931709453","0.000027928133931709453","0.00024383711570408195","0.00024383711570408195","0.00024383711570408195","0.000460649433080107","0.000460649433080107","0.000460649433080107","0.0000062118824644130655","0.0000062118824644130655","0.0000062118824644130655","0.0011723991483449936","0.0011723991483449936","0.0011723991483449936","0.0004024664522148669","0.0004024664522148669","0.0004024664522148669"
"473","0.0000742882548365742","0.0000742882548365742","0.0000742882548365742","0.0001041741925291717","0.0001041741925291717","0.0001041741925291717","0.00011683755292324349","0.00011683755292324349","0.00011683755292324349","0.00009554348071105778","0.00009554348071105778","0.00009554348071105778","0.00011146203178213909","0.00011146203178213909","0.00011146203178213909","0.0005318328621797264","0.0005318328621797264","0.0005318328621797264","0.00019540921493899077","0.00019540921493899077","0.00019540921493899077","0.00009606420644558966","0.00009606420644558966","0.00009606420644558966"
"484","0.00039259364712052047","0.00039259364712052047","0.00039259364712052047","0.00003369560727151111","0.00003369560727151111","0.00003369560727151111","0.00007072116568451747","0.00007072116568451747","0.00007072116568451747","0.0001421501801814884","0.0001421501801814884","0.0001421501801814884","0.0004275857354514301","0.0004275857354514301","0.0004275857354514301","0.0001458999904571101","0.0001458999904571101","0.0001458999904571101","0.0002035684447037056","0.0002035684447037056","0.0002035684447037056","0.0004600252432283014","0.0004600252432283014","0.0004600252432283014"
"495","0.00010220210970146582","0.00010220210970146582","0.00010220210970146582","0.00002430490349070169","0.00002430490349070169","0.00002430490349070169","0.00013634140486828983","0.00013634140486828983","0.00013634140486828983","0.00021470931824296713","0.00021470931824296713","0.00021470931824296713","0.00015313526091631502","0.00015313526091631502","0.00015313526091631502","0.000004352456471679034","0.000004352456471679034","0.000004352456471679034","0.00024176052829716355","0.00024176052829716355","0.00024176052829716355","0.0009660780197009444","0.0009660780197009444","0.0009660780197009444"
"506","0.0006309300661087036","0.0006309300661087036","0.0006309300661087036","0.00005482424603542313","0.00005482424603542313","0.00005482424603542313","0.0005065094446763396","0.0005065094446763396","0.0005065094446763396","0.000027147219952894375","0.000027147219952894375","0.000027147219952894375","0.00026083423290401697","0.00026083423290401697","0.00026083423290401697","0.0002570342621766031","0.0002570342621766031","0.0002570342621766031","0.00023311743279919028","0.00023311743279919028","0.00023311743279919028","0.000571268901694566","0.000571268901694566","0.000571268901694566"
"517","0.00027745653642341495","0.00027745653642341495","0.00027745653642341495","0.00016915396554395556","0.00016915396554395556","0.00016915396554395556","0.000022997297492111102","0.000022997297492111102","0.000022997297492111102","0.000031569208658766","0.000031569208658766","0.000031569208658766","0.002600546460598707","0.002600546460598707","0.002600546460598707","0.0000675333067192696","0.0000675333067192696","0.0000675333067192696","0.0002100060082739219","0.0002100060082739219","0.0002100060082739219","0.0011378917843103409","0.0011378917843103409","0.0011378917843103409"
"528","0.00002338643571420107","0.00002338643571420107","0.00002338643571420107","0.00012290348240640014","0.00012290348240640014","0.00012290348240640014","0.00010521156218601391","0.00010521156218601391","0.00010521156218601391","0.00039456167723983526","0.00039456167723983526","0.00039456167723983526","0.00018668417760636657","0.00018668417760636657","0.00018668417760636657","0.0005623925244435668","0.0005623925244435668","0.0005623925244435668","0.0009994059801101685","0.0009994059801101685","0.0009994059801101685","0.0003757522499654442","0.0003757522499654442","0.0003757522499654442"
"539","0.00007047446706565097","0.00007047446706565097","0.00007047446706565097","0.00010498140181880444","0.00010498140181880444","0.00010498140181880444","0.00010944571113213897","0.00010944571113213897","0.00010944571113213897","0.000039217513403855264","0.000039217513403855264","0.000039217513403855264","0.0000846404509502463","0.0000846404509502463","0.0000846404509502463","0.0001434907753719017","0.0001434907753719017","0.0001434907753719017","0.0001669163175392896","0.0001669163175392896","0.0001669163175392896","0.0005332210566848516","0.0005332210566848516","0.0005332210566848516"
"550","0.00011330314009683207","0.00011330314009683207","0.00011330314009683207","0.00006959887105040252","0.00006959887105040252","0.00006959887105040252","0.00008984113810583949","0.00008984113810583949","0.00008984113810583949","0.00009776934166438878","0.00009776934166438878","0.00009776934166438878","0.00020657248387578875","0.00020657248387578875","0.00020657248387578875","0.00015760064707137644","0.00015760064707137644","0.00015760064707137644","0.00023984158178791404","0.00023984158178791404","0.00023984158178791404","0.00032583079882897437","0.00032583079882897437","0.00032583079882897437"