0.8202	0.0404	0.1004	0.0390	0.0000	2.1200	0.2496
0.8037	0.0968	0.0688	0.0306	0.0000	2.2300	0.2486
0.1160	0.0663	0.4783	0.3394	0.0000	1.8100	0.2719
0.6440	0.0681	0.2090	0.0789	0.0000	2.2000	0.2397
0.8301	0.0510	0.1146	0.0042	0.0000	2.3600	0.1766
0.5963	0.0174	0.2675	0.1188	0.0000	2.2800	0.2397
0.2662	0.0451	0.4695	0.2191	0.0000	1.8800	0.2517
0.1659	0.0184	0.5526	0.2631	0.0000	2.0800	0.2538
0.5262	0.0406	0.2382	0.1950	0.0000	1.7000	0.2713
0.6601	0.2238	0.0299	0.0863	0.0000	2.2000	0.2492
0.0913	0.1722	0.3104	0.4261	0.0000	1.9400	0.2665
0.7135	0.1105	0.1090	0.0671	0.0000	2.1400	0.2193
0.2911	0.0848	0.3517	0.2723	0.0000	1.9100	0.2527
0.7081	0.0126	0.2384	0.0409	0.0000	2.5400	0.2311
0.6630	0.1497	0.1363	0.0511	0.0000	2.4200	0.2240
0.4686	0.0609	0.2788	0.1917	0.0000	1.8300	0.2603
0.7612	0.0635	0.0816	0.0936	0.0000	2.1700	0.2594
0.5912	0.2279	0.0829	0.0981	0.0000	2.0800	0.2435
0.5533	0.0604	0.3021	0.0842	0.0000	2.3200	0.2318
0.0050	0.0770	0.4231	0.4950	0.0000	1.9300	0.2464
0.6653	0.1876	0.0825	0.0647	0.0000	2.3500	0.2303
0.6836	0.1105	0.1155	0.0905	0.0000	1.9400	0.2440
0.3866	0.0704	0.3496	0.1934	0.0000	1.8700	0.2573
0.8036	0.1479	0.0380	0.0104	0.0000	2.5300	0.2067
0.5735	0.0949	0.1548	0.1768	0.0000	1.8000	0.2552
0.8427	0.0329	0.1037	0.0207	0.0000	2.2200	0.2493
0.0509	0.0549	0.4670	0.4272	0.0000	1.8500	0.2669
0.5714	0.1794	0.0611	0.1881	0.0000	1.7700	0.2636
0.2017	0.0763	0.4088	0.3131	0.0000	2.2100	0.2417
0.5014	0.0625	0.2983	0.1378	0.0000	2.1400	0.2385
0.8250	0.0880	0.0609	0.0261	0.0000	2.2200	0.2359
0.5922	0.2334	0.0094	0.1650	0.0000	1.7600	0.2528
0.5907	0.1498	0.1353	0.1243	0.0000	1.8200	0.2424
0.1320	0.0874	0.4126	0.3681	0.0000	2.0200	0.2543
0.5175	0.1051	0.2030	0.1744	0.0000	2.1700	0.2226
0.1002	0.0303	0.5443	0.3252	0.0000	2.1700	0.2426
0.4728	0.0678	0.2547	0.2047	0.0000	2.0300	0.2410
0.6424	0.0892	0.1390	0.1294	0.0000	1.9800	0.2332
0.4076	0.0510	0.3960	0.1454	0.0000	2.2600	0.2401
0.6330	0.2282	0.0451	0.0937	0.0000	2.2700	0.2622
0.7454	0.0707	0.1643	0.0195	0.0000	2.4500	0.2481
0.3278	0.0242	0.4492	0.1987	0.0000	2.0000	0.2558
0.8304	0.0165	0.1055	0.0476	0.0000	2.0500	0.2706
0.6788	0.0178	0.2605	0.0429	0.0000	2.6000	0.2304
0.0309	0.1145	0.4491	0.4055	0.0000	1.7800	0.2611
0.6305	0.2061	0.0646	0.0988	0.0000	2.1900	0.2440
0.2870	0.0786	0.3990	0.2355	0.0000	2.0700	0.2277
0.4370	0.0607	0.2949	0.2074	0.0000	2.1400	0.2552
0.5377	0.1419	0.2047	0.1158	0.0000	2.1300	0.2442
0.7138	0.0432	0.1425	0.1005	0.0000	2.1800	0.2495
0.5097	0.2262	0.0029	0.2612	0.0000	1.4900	0.2683
0.1335	0.0347	0.4723	0.3595	0.0000	1.8100	0.2727
0.5539	0.2060	0.0628	0.1772	0.0000	1.9400	0.2579
0.2740	0.1177	0.2803	0.3280	0.0000	1.7600	0.2563
0.1679	0.0643	0.4250	0.3427	0.0000	2.2300	0.2428
0.8074	0.1186	0.0125	0.0615	0.0000	1.8800	0.2600
0.2358	0.0562	0.4236	0.2843	0.0000	1.7600	0.2493
0.7607	0.0952	0.0200	0.1241	0.0000	1.8100	0.2698
0.7388	0.1613	0.0294	0.0704	0.0000	2.2200	0.2376
0.7415	0.2315	0.0055	0.0215	0.0000	2.3900	0.2295
0.5397	0.0479	0.2448	0.1676	0.0000	2.2500	0.2387
0.5808	0.1725	0.0774	0.1693	0.0000	1.9900	0.2564
0.4280	0.0039	0.3009	0.2672	0.0000	1.4300	0.2693
0.1877	0.1189	0.3803	0.3131	0.0000	1.6200	0.2541
0.6794	0.0941	0.1288	0.0977	0.0000	2.1700	0.2386
0.6813	0.2301	0.0301	0.0586	0.0000	2.3400	0.2665
0.6670	0.1557	0.0482	0.1291	0.0000	2.2300	0.2373
0.3111	0.0998	0.3185	0.2706	0.0000	1.8400	0.2602
0.1459	0.0354	0.5235	0.2953	0.0000	1.9400	0.2589
0.2077	0.0241	0.5047	0.2635	0.0000	2.0400	0.2511
0.2615	0.0225	0.4217	0.2943	0.0000	2.0100	0.2595
0.6818	0.0498	0.2611	0.0073	0.0000	2.5600	0.1945
0.6079	0.1890	0.0994	0.1037	0.0000	1.9100	0.2552
0.3003	0.0531	0.4346	0.2121	0.0000	2.1100	0.2302
0.7671	0.0940	0.0835	0.0553	0.0000	2.1500	0.2250
0.8114	0.0394	0.0781	0.0711	0.0000	2.1100	0.2436
0.3129	0.0026	0.3809	0.3036	0.0000	1.9700	0.2297
0.6592	0.0236	0.1643	0.1528	0.0000	1.7900	0.2709
0.3353	0.1363	0.2164	0.3121	0.0000	1.6300	0.2710
0.4918	0.1226	0.1806	0.2050	0.0000	1.8900	0.2500
0.7585	0.1890	0.0127	0.0397	0.0000	2.2400	0.2584
0.3225	0.1652	0.2177	0.2947	0.0000	1.5900	0.2463
0.2914	0.0439	0.3748	0.2899	0.0000	1.9200	0.2521
0.1599	0.1238	0.3878	0.3284	0.0000	1.9500	0.2415
0.5703	0.1087	0.1607	0.1603	0.0000	1.9600	0.2407
0.4533	0.0281	0.2951	0.2235	0.0000	1.7800	0.2493
0.0891	0.0418	0.5421	0.3270	0.0000	2.1400	0.2613
0.1509	0.0016	0.5352	0.3123	0.0000	1.9100	0.2205
0.2531	0.0235	0.4677	0.2556	0.0000	2.0300	0.2693
0.4354	0.0105	0.3506	0.2035	0.0000	2.0400	0.2582
0.0384	0.1055	0.4315	0.4246	0.0000	2.0600	0.2663
0.6607	0.0791	0.2504	0.0098	0.0000	2.4800	0.2443
0.5417	0.0367	0.2513	0.1703	0.0000	1.8700	0.2672
0.6075	0.1270	0.1421	0.1234	0.0000	1.9400	0.2541
0.5840	0.1296	0.1169	0.1694	0.0000	1.9600	0.2452
0.5849	0.0033	0.1867	0.2251	0.0000	1.6500	0.2702
0.5010	0.1406	0.2282	0.1303	0.0000	1.8800	0.2521
0.0479	0.1053	0.4002	0.4467	0.0000	1.8900	0.2689
0.0788	0.0237	0.5728	0.3247	0.0000	2.3300	0.2590
0.0550	0.1678	0.3469	0.4303	0.0000	1.8300	0.2736
