Sample_Index,Cospeciations_Pred,Cospeciations_GT,Host_switches_Pred,Host_switches_GT
144,0.2751993238925934,0.30000001192092896,0.012474159710109234,0.03333299979567528
145,0.27154698967933655,0.28897300362586975,0.0174118559807539,0.017109999433159828
146,0.2696690857410431,0.35714301466941833,0.013606429100036621,0.0
147,0.27141883969306946,0.2571429908275604,0.013335229828953743,0.014286000281572342
148,0.2728947401046753,0.31550800800323486,0.013964533805847168,0.00802099984139204
149,0.2580685615539551,0.32173898816108704,0.012420288287103176,0.026086999103426933
150,0.2500506043434143,0.2643679976463318,0.014254465699195862,0.04597700014710426
151,0.2574276328086853,0.21212099492549896,0.01213836669921875,0.030302999541163445
152,0.23663803935050964,0.07407400012016296,0.01628720946609974,0.0
153,0.2528266906738281,0.4000000059604645,0.013646486215293407,0.0
154,0.29504287242889404,0.30290499329566956,0.013194332830607891,0.004149000160396099
155,0.28207826614379883,0.25,0.01404346339404583,0.0
156,0.26889461278915405,0.22485199570655823,0.012042987160384655,0.01183400023728609
157,0.2480519711971283,0.1875,0.017944879829883575,0.013888999819755554
158,0.27109670639038086,0.3404259979724884,0.012116868980228901,0.0
159,0.28692564368247986,0.23994000256061554,0.022576458752155304,0.01788399927318096
