Sample_Index,Cospeciations_Pred,Cospeciations_GT,Host_switches_Pred,Host_switches_GT
0,0.2746787667274475,0.23846200108528137,0.019666684791445732,0.023076999932527542
1,0.22215624153614044,0.21590900421142578,0.015687229111790657,0.0227269995957613
2,0.27937254309654236,0.22368399798870087,0.02000594697892666,0.026316000148653984
3,0.13619688153266907,0.25,0.03077038563787937,0.0
4,0.18546245992183685,0.1875,0.01674146205186844,0.0
5,0.2763211131095886,0.2571429908275604,0.02081642672419548,0.028571000322699547
6,0.17434664070606232,0.15789499878883362,0.018866583704948425,0.05263200029730797
7,0.25326502323150635,0.2467530071735382,0.0214551892131567,0.0
8,0.2718689441680908,0.21818199753761292,0.018084930256009102,0.009091000072658062
9,0.22533424198627472,0.24714800715446472,0.018295589834451675,0.026298999786376953
10,0.2407688945531845,0.293285995721817,0.016197970137000084,0.007067000027745962
11,0.24432145059108734,0.1929820030927658,0.01751023717224598,0.01754399947822094
12,0.2588048577308655,0.19565199315547943,0.01983136683702469,0.04347800090909004
13,0.136623352766037,0.12222199887037277,0.027456389740109444,0.022221999242901802
14,0.2784329950809479,0.31818199157714844,0.02127508632838726,0.0
15,0.26030614972114563,0.23489899933338165,0.017337091267108917,0.02684600092470646
16,0.21485024690628052,0.20858900249004364,0.013899012468755245,0.05214700102806091
17,0.249928280711174,0.2198140025138855,0.017262060195207596,0.013415999710559845
18,0.2528865933418274,0.27884599566459656,0.017607441172003746,0.024038000032305717
19,0.270461767911911,0.37777799367904663,0.016550032421946526,0.007406999822705984
20,0.24862775206565857,0.22818799316883087,0.017562726512551308,0.02013400010764599
21,0.2491421103477478,0.20487800240516663,0.015941526740789413,0.010975999757647514
22,0.20981654524803162,0.178273007273674,0.015579060651361942,0.009748999960720539
23,0.22412952780723572,0.3142859935760498,0.01818416640162468,0.0
24,0.14012229442596436,0.11111100018024445,0.034673333168029785,0.0
25,0.269567608833313,0.274509996175766,0.020643500611186028,0.0
26,0.22791169583797455,0.17343200743198395,0.015361949801445007,0.0036899999249726534
27,0.2769957184791565,0.25773200392723083,0.020666401833295822,0.010308999568223953
28,0.24855434894561768,0.2193550020456314,0.0176889356225729,0.02580600045621395
29,0.2700902819633484,0.2783510088920593,0.017448140308260918,0.009021000005304813
30,0.22111712396144867,0.209524005651474,0.015477264299988747,0.0
31,0.2534765899181366,0.2666670083999634,0.02125565893948078,0.0
32,0.15157590806484222,0.20000000298023224,0.023675667122006416,0.0
33,0.2788434326648712,0.36559098958969116,0.02008349634706974,0.0
34,0.23839232325553894,0.18421100080013275,0.015571698546409607,0.00877199973911047
35,0.2229771912097931,0.2192070037126541,0.016011031344532967,0.012525999918580055
36,0.26074981689453125,0.18421100080013275,0.02304242178797722,0.013158000074326992
37,0.23388811945915222,0.24561400711536407,0.017455222085118294,0.01754399947822094
38,0.17813977599143982,0.11764699965715408,0.019805017858743668,0.058823999017477036
39,0.25048118829727173,0.2906399965286255,0.016761552542448044,0.019703999161720276
40,0.22455663979053497,0.2049179971218109,0.015894684940576553,0.01639300025999546
41,0.2573466897010803,0.22499999403953552,0.021970748901367188,0.0
42,0.2469787299633026,0.19070899486541748,0.017963921651244164,0.03423000127077103
43,0.24809500575065613,0.2517479956150055,0.016294818371534348,0.05594399943947792
44,0.14591757953166962,0.26315799355506897,0.0300984438508749,0.05263200029730797
45,0.2642119526863098,0.22580599784851074,0.023555468767881393,0.0
46,0.1461985558271408,0.12121199816465378,0.030965527519583702,0.06060599908232689
47,0.2629391551017761,0.2719300091266632,0.01641613058745861,0.024122999981045723
48,0.2964552342891693,0.33333298563957214,0.023293454200029373,0.08333300054073334
49,0.24139820039272308,0.29086101055145264,0.019046412780880928,0.024636000394821167
50,0.2507736384868622,0.20000000298023224,0.02190435491502285,0.009999999776482582
51,0.23597446084022522,0.21551699936389923,0.017605379223823547,0.01724099926650524
52,0.14139659702777863,0.15789499878883362,0.03187910094857216,0.10526300221681595
53,0.22785411775112152,0.2380950003862381,0.018219027668237686,0.04761900007724762
54,0.26991644501686096,0.30882400274276733,0.018837284296751022,0.0220589991658926
55,0.21933023631572723,0.2619050145149231,0.017002811655402184,0.011904999613761902
56,0.2190294712781906,0.20634900033473969,0.016499577090144157,0.0
57,0.2424941509962082,0.2062389999628067,0.015234407968819141,0.015598000027239323
58,0.23833905160427094,0.21634599566459656,0.017565861344337463,0.014422999694943428
59,0.24294738471508026,0.2622149884700775,0.015535186976194382,0.011401000432670116
60,0.23752763867378235,0.23853200674057007,0.016824284568428993,0.03669700026512146
61,0.24581332504749298,0.21832899749279022,0.01570875756442547,0.016172999516129494
62,0.2462277114391327,0.28791001439094543,0.015844127163290977,0.009220999665558338
63,0.17524690926074982,0.15789499878883362,0.018239345401525497,0.0
64,0.18197177350521088,0.16666699945926666,0.016413914039731026,0.0
65,0.2538260221481323,0.19736799597740173,0.01855948008596897,0.013158000074326992
66,0.24077509343624115,0.25423699617385864,0.01954764500260353,0.0338979996740818
67,0.2622925043106079,0.20408199727535248,0.024433258920907974,0.06122399866580963
68,0.2238505631685257,0.21081100404262543,0.01576336659491062,0.005404999945312738
69,0.2547943890094757,0.35294100642204285,0.01946033537387848,0.0
70,0.2362048625946045,0.34627801179885864,0.018334778025746346,0.01618099957704544
71,0.13855920732021332,0.0,0.03790131211280823,0.07142899930477142
72,0.27888914942741394,0.3095239996910095,0.020514830946922302,0.028571000322699547
73,0.26897913217544556,0.3070870041847229,0.02117924578487873,0.0
74,0.17108136415481567,0.21428599953651428,0.025902649387717247,0.0
75,0.2653784453868866,0.4090909957885742,0.019442953169345856,0.0
76,0.26168712973594666,0.2173909991979599,0.018605370074510574,0.0
77,0.28519418835639954,0.21526400744915009,0.01964287832379341,0.019569000229239464
78,0.1321084201335907,0.14285710453987122,0.02194271609187126,0.0
79,0.2657301425933838,0.2653059959411621,0.01699049398303032,0.02721099928021431
80,0.2759298086166382,0.39583298563957214,0.026183344423770905,0.125
81,0.14046405255794525,0.14285700023174286,0.02481856197118759,0.0
82,0.2865975499153137,0.34031400084495544,0.0203730296343565,0.020942000672221184
83,0.21384519338607788,0.18181799352169037,0.018477946519851685,0.09090899676084518
84,0.2105243057012558,0.1612900048494339,0.018836377188563347,0.0
85,0.27957212924957275,0.2894740104675293,0.02110709436237812,0.0
86,0.14722414314746857,0.14814800024032593,0.022731974720954895,0.0
87,0.2617213726043701,0.2565790116786957,0.016670698300004005,0.03289499878883362
88,0.2803678512573242,0.2608700096607208,0.02230105921626091,0.02173900045454502
89,0.23627495765686035,0.20370399951934814,0.01668766885995865,0.013888999819755554
90,0.26178205013275146,0.2808989882469177,0.02015247568488121,0.0
91,0.1286521553993225,0.09090899676084518,0.03068769909441471,0.0
92,0.27448710799217224,0.26923099160194397,0.025093626230955124,0.0
93,0.24657820165157318,0.2413789927959442,0.02093057706952095,0.03448300063610077
94,0.21917973458766937,0.29310300946235657,0.015295247547328472,0.03448300063610077
95,0.27984678745269775,0.2857140004634857,0.027723418548703194,0.0
24,0.20726564526557922,0.20000000298023224,0.021016733720898628,0.0
25,0.25695446133613586,0.2985070049762726,0.019975343719124794,0.0
26,0.17234615981578827,0.0,0.016897866502404213,0.03703700006008148
27,0.22944046556949615,0.18181799352169037,0.02071537636220455,0.0
