parasite_leaf:,host_leaf
P102,H60
P103,H61
P80,H26
P35,H27
P52,H34
P52,H36
P53,H36
P51,H37
P64,H44
P65,H45
P59,H41
P43,H30
P92,H55
P93,H55
P88,H54
P118,H68
P119,H69
P37,H10
P110,H20
P110,H62
P111,H63
P112,H62
P113,H63
P100,H60
P101,H61
P126,H70
P127,H71
P115,H65
P97,H58
P95,H56
P61,H42
P120,H68
P121,H69
P57,H10
P106,H55
P107,H10
P86,H54
P108,H62
P109,H63
P82,H50
P83,H51
P45,H33
P124,H25
P125,H25
P123,H25
P116,H66
P117,H67
P85,H52
P11,H10
P54,H38
P55,H39
P23,H6
P23,H16
P91,H23
P91,H52
P90,H48
P77,H49
P71,H46
P104,H60
P105,H61
P98,H48
P79,H49
P73,H46
P74,H48
P75,H49
P69,H46
P20,H16
P21,H16
